Nbmonth,NbHour,Temp,State,Degree
1,1,"00:51Thu, 1 Jan",Clear.,-2
1,2,01:51,Clear.,-2
1,3,02:51,Clear.,-3
1,4,03:51,Clear.,-3
1,5,04:51,Clear.,-3
1,6,05:51,Clear.,-3
1,7,06:51,Clear.,-3
1,8,07:51,Sunny.,-3
1,9,08:51,Sunny.,-2
1,10,09:51,Sunny.,-1
1,11,10:51,Sunny.,-1
1,12,11:51,Sunny.,1
1,13,12:51,Sunny.,2
1,14,13:51,Sunny.,3
1,15,14:51,Sunny.,3
1,16,15:51,Sunny.,4
1,17,16:51,Clear.,4
1,18,17:51,Clear.,4
1,19,18:51,Clear.,4
1,20,19:51,Clear.,3
1,21,20:51,Clear.,3
1,22,21:51,Clear.,3
1,23,22:51,Clear.,3
1,24,23:51,Clear.,3
1,1,"00:51Fri, 2 Jan",Passing clouds.,3
1,2,01:51,Clear.,3
1,3,02:51,Clear.,3
1,4,03:51,Clear.,3
1,5,04:51,Clear.,2
1,6,05:51,Clear.,2
1,7,06:51,Passing clouds.,2
1,8,07:51,Overcast.,2
1,9,08:51,Sunny.,3
1,10,09:51,Overcast.,4
1,11,10:51,Scattered clouds.,5
1,12,11:51,Scattered clouds.,4
1,13,12:51,Scattered clouds.,5
1,14,13:51,Sunny.,6
1,15,14:51,Sunny.,6
1,16,15:51,Sunny.,6
1,17,16:51,Clear.,5
1,18,17:51,Clear.,4
1,19,18:51,Clear.,4
1,20,19:51,Clear.,3
1,21,20:51,Clear.,3
1,22,21:51,Clear.,3
1,23,22:51,Clear.,2
1,24,23:51,Clear.,2
1,1,"00:51Sat, 3 Jan",Clear.,2
1,2,01:51,Clear.,1
1,3,02:51,Clear.,2
1,4,03:51,Clear.,2
1,5,04:51,Clear.,1
1,6,05:51,Clear.,1
1,7,06:51,Clear.,1
1,8,07:51,Sunny.,1
1,9,08:51,Sunny.,2
1,10,09:51,Scattered clouds.,2
1,11,10:51,Mostly cloudy.,3
1,12,11:51,Overcast.,3
1,13,13:02,Mostly cloudy.,2
1,15,14:51,Rain. Fog.,1
1,16,15:51,Light rain. Fog.,2
1,17,16:51,Light rain. Fog.,2
1,18,17:04,Rain. Fog.,2
1,19,17:51,Light rain. Fog.,3
1,20,18:51,Rain. Fog.,3
1,21,19:51,Light rain. Fog.,4
1,22,20:59,Light rain. Fog.,4
1,23,21:51,Light rain. Fog.,4
1,24,22:51,Fog.,5
1,25,23:51,Light rain. Fog.,6
1,1,"00:51Sun, 4 Jan",Light rain. Fog.,6
1,2,02:02,Fog.,6
1,3,02:51,Fog.,6
1,4,03:51,Fog.,5
1,5,05:00,Fog.,6
1,6,05:51,Light rain. Fog.,7
1,7,06:51,Mostly cloudy.,7
1,8,07:51,Mostly cloudy.,7
1,9,09:01,Light rain. More clouds than sun.,7
1,10,09:51,Mostly cloudy.,8
1,11,10:51,Low clouds.,8
1,12,11:51,Low clouds.,1
1,13,12:51,Fog.,1
1,14,13:51,Fog.,1
1,15,14:51,Low clouds.,1
1,16,15:51,Passing clouds.,1
1,17,16:51,Passing clouds.,1
1,18,17:51,Clear.,1
1,19,18:51,Overcast.,1
1,20,19:51,Light rain. Fog.,1
1,21,20:51,Light rain. Overcast.,1
1,22,21:51,Light rain. Overcast.,1
1,23,22:51,Passing clouds.,1
1,24,23:51,Passing clouds.,1
1,1,"00:51Mon, 5 Jan",Clear.,8
1,2,01:51,Clear.,8
1,3,02:51,Clear.,7
1,4,03:51,Clear.,6
1,5,04:51,Passing clouds.,6
1,6,05:51,Passing clouds.,5
1,7,06:51,Overcast.,5
1,8,07:51,Partly sunny.,4
1,9,08:51,Passing clouds.,4
1,10,09:51,Overcast.,3
1,11,10:51,Sunny.,2
1,12,11:51,Partly sunny.,2
1,13,12:51,Partly sunny.,2
1,14,13:51,Sunny.,2
1,15,14:51,Sunny.,1
1,16,15:51,Sunny.,1
1,17,16:51,Clear.,0
1,18,17:51,Clear.,-1
1,19,18:51,Clear.,-2
1,20,19:51,Clear.,-3
1,21,20:51,Clear.,-4
1,22,21:51,Clear.,-5
1,23,22:51,Clear.,-6
1,24,23:51,Clear.,-6
1,1,"00:51Tue, 6 Jan",Clear.,-6
1,2,01:51,Clear.,-7
1,3,02:51,Clear.,-7
1,4,03:51,Clear.,-7
1,5,04:51,Clear.,-7
1,6,05:51,Passing clouds.,-7
1,7,06:51,Overcast.,-7
1,8,07:51,Overcast.,-7
1,9,08:51,Light snow. Overcast.,-7
1,10,09:51,Light snow. Overcast.,-7
1,11,10:51,Heavy snow. Ice fog.,-7
1,12,11:58,Light snow. Mostly cloudy.,-7
1,13,13:01,Light snow. Overcast.,-6
1,14,13:51,Overcast.,-6
1,15,14:51,Overcast.,-6
1,16,15:51,More clouds than sun.,-6
1,17,16:51,Overcast.,-6
1,18,17:51,Passing clouds.,-6
1,19,18:51,Clear.,-6
1,20,19:51,Passing clouds.,-6
1,21,20:51,Clear.,-6
1,22,21:51,Clear.,-6
1,23,22:51,Clear.,-6
1,24,23:51,Clear.,-7
1,1,"00:51Wed, 7 Jan",Clear.,-7
1,2,01:51,Clear.,-7
1,3,02:51,Clear.,-7
1,4,03:51,Passing clouds.,-6
1,5,04:51,Passing clouds.,-6
1,6,05:51,Passing clouds.,-6
1,7,06:51,Clear.,-6
1,8,07:51,Sunny.,-6
1,9,08:51,Sunny.,-6
1,10,09:51,Sunny.,-6
1,11,10:51,Passing clouds.,-5
1,12,11:51,Partly sunny.,-5
1,13,12:51,Partly sunny.,-6
1,14,13:51,Partly sunny.,-5
1,15,14:51,Passing clouds.,-6
1,16,15:51,Partly sunny.,-6
1,17,16:51,Clear.,-7
1,18,17:51,Clear.,-8
1,19,18:51,Clear.,-9
1,20,19:51,Clear.,-1
1,21,20:51,Clear.,-1
1,22,21:51,Clear.,-1
1,23,22:51,Clear.,-1
1,24,23:51,Clear.,-1
1,1,"00:51Thu, 8 Jan",Clear.,-1
1,2,01:51,Clear.,-1
1,3,02:51,Clear.,-1
1,4,03:51,Clear.,-1
1,5,04:51,Clear.,-1
1,6,05:51,Clear.,-1
1,7,06:51,Clear.,-1
1,8,07:51,Sunny.,-1
1,9,08:51,Sunny.,-1
1,10,09:51,Sunny.,-1
1,11,10:51,Sunny.,-9
1,12,11:51,Sunny.,-8
1,13,12:51,Sunny.,-7
1,14,13:51,Sunny.,-7
1,15,14:51,Sunny.,-7
1,16,15:51,Sunny.,-7
1,17,16:51,Clear.,-7
1,18,17:51,Clear.,-8
1,19,18:51,Clear.,-8
1,20,19:51,Clear.,-8
1,21,20:51,Clear.,-9
1,22,21:51,Clear.,-8
1,23,22:51,Clear.,-8
1,24,23:51,Clear.,-7
1,1,"00:51Fri, 9 Jan",Passing clouds.,-7
1,2,01:51,Clear.,-6
1,3,02:51,Clear.,-5
1,4,03:51,Mostly cloudy.,-4
1,5,04:51,Passing clouds.,-4
1,6,05:51,Overcast.,-4
1,7,07:00,Heavy snow. Ice fog.,-5
1,8,08:02,Snow. Ice fog.,-5
1,9,08:51,Light snow. Mostly cloudy.,-5
1,10,09:51,Overcast.,-4
1,11,10:51,Overcast.,-3
1,12,11:51,Sunny.,-2
1,13,12:51,Overcast.,-1
1,14,13:51,Partly sunny.,1
1,15,14:51,Partly sunny.,0
1,16,15:51,Scattered clouds.,0
1,17,16:51,Passing clouds.,-1
1,18,17:51,Clear.,-1
1,19,18:51,Clear.,-1
1,20,19:51,Clear.,-2
1,21,20:51,Clear.,-3
1,22,21:51,Clear.,-3
1,23,22:51,Clear.,-4
1,24,23:51,Clear.,-5
1,1,"00:51Sat, 10 Jan",Clear.,-5
1,2,01:51,Clear.,-6
1,3,02:51,Clear.,-7
1,4,03:51,Clear.,-7
1,5,04:51,Clear.,-7
1,6,05:51,Clear.,-8
1,7,06:51,Clear.,-8
1,8,07:51,Sunny.,-9
1,9,08:51,Sunny.,-9
1,10,09:51,Sunny.,-8
1,11,10:51,Sunny.,-8
1,12,11:51,Sunny.,-7
1,13,12:51,Sunny.,-7
1,14,13:51,Sunny.,-6
1,15,14:51,Sunny.,-5
1,16,15:51,Sunny.,-5
1,17,16:51,Clear.,-6
1,18,17:51,Clear.,-6
1,19,18:51,Clear.,-7
1,20,19:51,Clear.,-7
1,21,20:51,Clear.,-7
1,22,21:51,Clear.,-7
1,23,22:51,Clear.,-7
1,24,23:51,Clear.,-7
1,1,"00:51Sun, 11 Jan",Clear.,-8
1,2,01:51,Clear.,-7
1,3,02:51,Clear.,-7
1,4,03:51,Clear.,-7
1,5,04:51,Clear.,-7
1,6,05:51,Clear.,-6
1,7,06:51,Clear.,-6
1,8,07:51,Sunny.,-6
1,9,08:51,Sunny.,-4
1,10,09:51,Overcast.,-3
1,11,10:51,Overcast.,-2
1,12,11:51,Overcast.,-1
1,13,12:51,Overcast.,-1
1,14,13:51,Overcast.,1
1,15,14:51,Partly sunny.,2
1,16,15:51,Sunny.,3
1,17,16:51,Clear.,3
1,18,17:51,Clear.,3
1,19,18:51,Clear.,3
1,20,19:51,Clear.,3
1,21,20:51,Passing clouds.,3
1,22,21:51,Passing clouds.,3
1,23,22:51,Clear.,3
1,24,23:51,Overcast.,3
1,1,"00:51Mon, 12 Jan",Overcast.,3
1,2,01:51,Mostly cloudy.,3
1,3,02:51,Light rain. Overcast.,3
1,4,03:51,Overcast.,2
1,5,04:51,Light rain. Overcast.,2
1,6,05:51,Overcast.,3
1,7,06:51,Overcast.,2
1,8,07:51,Light rain. Overcast.,3
1,9,08:51,Light rain. Overcast.,2
1,10,09:51,Light rain. Fog.,2
1,11,10:51,Light rain. Fog.,3
1,12,11:51,Light rain. Fog.,3
1,14,12:51,Rain. Fog.,3
1,15,13:51,Light rain. Fog.,2
1,16,14:51,Light rain. Fog.,3
1,17,15:58,Fog.,3
1,18,16:51,Fog.,3
1,19,17:51,Fog.,3
1,20,18:51,Fog.,3
1,21,19:51,Overcast.,3
1,22,20:51,Overcast.,3
1,23,21:51,Light rain. Mostly cloudy.,3
1,24,22:51,Mostly cloudy.,3
1,24,23:51,Overcast.,2
1,1,"00:51Tue, 13 Jan",Overcast.,2
1,2,01:51,Mostly cloudy.,2
1,3,02:51,Overcast.,2
1,4,03:51,Overcast.,2
1,5,04:51,Overcast.,2
1,6,05:51,Overcast.,1
1,7,07:02,Passing clouds.,-1
1,8,07:51,Passing clouds.,-2
1,9,08:51,Sunny.,-3
1,10,09:51,Sunny.,-4
1,11,10:51,Sunny.,-4
1,12,11:51,Sunny.,-4
1,13,12:51,Sunny.,-4
1,14,13:51,Sunny.,-4
1,15,14:51,Sunny.,-5
1,16,15:51,Sunny.,-6
1,17,16:51,Clear.,-6
1,18,17:51,Clear.,-7
1,19,18:51,Clear.,-7
1,20,19:51,Clear.,-7
1,21,20:51,Clear.,-7
1,22,21:51,Clear.,-8
1,23,22:51,Clear.,-8
1,24,23:51,Clear.,-8
1,1,"00:51Wed, 14 Jan",Clear.,-8
1,2,01:51,Clear.,-8
1,3,02:51,Clear.,-8
1,4,03:51,Clear.,-8
1,5,05:00,Passing clouds.,-8
1,6,05:51,Passing clouds.,-8
1,7,06:51,Passing clouds.,-8
1,8,07:51,Overcast.,-7
1,9,08:51,Sunny.,-6
1,10,09:51,Passing clouds.,-5
1,11,10:51,Partly sunny.,-4
1,12,11:51,Broken clouds.,-2
1,13,12:51,Mostly cloudy.,-1
1,14,13:51,Overcast.,-1
1,15,14:51,Overcast.,-1
1,16,15:51,Mostly cloudy.,0
1,17,16:58,Mostly cloudy.,-1
1,18,17:51,Overcast.,-1
1,19,18:51,Overcast.,-1
1,20,19:51,Overcast.,-1
1,21,20:51,Overcast.,-1
1,22,21:51,Overcast.,-1
1,23,22:51,Overcast.,-1
1,24,23:51,Passing clouds.,-2
1,1,"00:51Thu, 15 Jan",Overcast.,-2
1,2,01:51,Overcast.,-2
1,3,02:51,Clear.,-3
1,4,03:51,Passing clouds.,-3
1,5,04:51,Overcast.,-3
1,6,05:51,Overcast.,-3
1,7,06:51,Passing clouds.,-4
1,8,07:51,Overcast.,-4
1,9,08:51,Overcast.,-3
1,10,09:51,Overcast.,-3
1,11,10:51,Overcast.,-2
1,12,11:51,Sunny.,-1
1,13,12:51,Sunny.,0
1,14,13:51,Sunny.,1
1,15,14:51,Sunny.,1
1,16,15:51,Sunny.,1
1,17,16:51,Sunny.,1
1,18,17:51,Clear.,1
1,19,18:51,Clear.,1
1,20,19:51,Clear.,1
1,21,20:51,Clear.,0
1,22,21:51,Clear.,0
1,23,22:51,Clear.,-1
1,24,23:51,Clear.,-1
1,1,"00:51Fri, 16 Jan",Clear.,0
1,2,01:51,Clear.,-1
1,3,02:51,Clear.,-1
1,4,03:51,Passing clouds.,-1
1,5,04:51,Passing clouds.,-1
1,6,05:51,Passing clouds.,-1
1,7,06:51,Clear.,-1
1,8,07:51,Overcast.,-1
1,9,08:51,Partly sunny.,1
1,10,09:51,Passing clouds.,2
1,11,10:51,Sunny.,3
1,12,11:51,Passing clouds.,4
1,13,12:51,Passing clouds.,6
1,14,13:51,Partly sunny.,6
1,15,14:51,Partly sunny.,4
1,16,15:51,Sunny.,2
1,17,16:51,Passing clouds.,1
1,18,17:51,Passing clouds.,-1
1,19,18:51,Clear.,-2
1,20,19:51,Clear.,-3
1,21,20:51,Clear.,-4
1,22,21:51,Clear.,-6
1,23,22:51,Clear.,-7
1,24,23:51,Clear.,-7
1,1,"00:51Sat, 17 Jan",Clear.,-7
1,2,01:51,Clear.,-7
1,3,02:51,Clear.,-8
1,4,03:51,Clear.,-8
1,5,04:51,Clear.,-8
1,6,05:51,Clear.,-8
1,7,06:51,Clear.,-8
1,8,07:51,Sunny.,-8
1,9,08:51,Sunny.,-8
1,10,09:51,Sunny.,-7
1,11,10:51,Sunny.,-6
1,12,11:51,Sunny.,-4
1,13,12:51,Sunny.,-3
1,14,13:51,Sunny.,-3
1,15,14:51,Sunny.,-2
1,16,15:51,Sunny.,-2
1,17,16:51,Sunny.,-2
1,18,17:51,Clear.,-2
1,19,18:51,Clear.,-2
1,20,19:51,Clear.,-1
1,21,20:51,Clear.,-1
1,22,21:51,Clear.,-1
1,23,22:51,Clear.,-1
1,24,23:51,Clear.,-1
1,1,"00:51Sun, 18 Jan",Clear.,1
1,2,01:51,Clear.,1
1,3,02:51,Passing clouds.,1
1,4,03:51,Clear.,1
1,5,04:51,Mostly cloudy.,2
1,6,05:51,Mostly cloudy.,2
1,7,06:51,Overcast.,1
1,8,07:51,Light rain. Fog.,1
1,9,08:51,Rain. Fog.,1
1,10,09:51,Light rain. Fog.,2
1,11,10:51,Rain. Fog.,2
1,12,11:51,Rain. Fog.,2
1,13,12:57,Rain. Fog.,3
1,14,13:51,Rain. Fog.,3
1,15,15:00,Heavy rain. Fog.,4
1,16,15:51,Rain. Fog.,4
1,17,16:51,Rain. Fog.,5
1,18,17:51,Rain. Fog.,6
1,19,18:51,Fog.,6
1,20,19:51,Fog.,5
1,21,20:58,Light rain. Fog.,5
1,22,21:51,Overcast.,5
1,23,22:51,Passing clouds.,4
1,24,23:51,Clear.,4
1,1,"00:51Mon, 19 Jan",Clear.,3
1,2,01:51,Clear.,3
1,3,02:51,Clear.,3
1,4,03:51,Overcast.,3
1,5,04:51,Overcast.,3
1,6,05:51,Overcast.,3
1,7,06:51,Clear.,3
1,8,07:51,Overcast.,3
1,9,08:51,Partly sunny.,3
1,10,09:51,Overcast.,4
1,11,10:51,Overcast.,4
1,12,11:51,Overcast.,5
1,13,12:51,More clouds than sun.,5
1,14,13:51,Mostly cloudy.,4
1,15,14:51,Mostly cloudy.,5
1,16,15:51,Overcast.,5
1,17,16:51,Overcast.,4
1,18,17:51,Overcast.,4
1,19,18:51,Overcast.,4
1,20,19:51,Overcast.,4
1,21,20:51,Overcast.,4
1,22,21:51,Overcast.,4
1,23,22:51,Overcast.,4
1,24,23:51,Overcast.,4
1,1,"00:51Tue, 20 Jan",Mostly cloudy.,3
1,2,01:51,Overcast.,3
1,3,02:51,Passing clouds.,3
1,4,03:51,Overcast.,3
1,5,04:51,Passing clouds.,2
1,6,05:51,Clear.,2
1,7,06:51,Clear.,1
1,8,07:51,Sunny.,1
1,9,08:51,Scattered clouds.,2
1,10,09:51,Sunny.,2
1,11,10:51,Sunny.,3
1,12,11:51,Overcast.,3
1,13,12:51,Overcast.,4
1,14,13:51,Sunny.,4
1,15,14:51,Partly sunny.,4
1,16,15:51,Overcast.,4
1,17,16:51,Overcast.,4
1,18,17:51,Mostly cloudy.,3
1,19,18:51,Partly cloudy.,3
1,20,19:51,Passing clouds.,3
1,21,20:51,Passing clouds.,2
1,22,21:51,Clear.,2
1,23,22:51,Clear.,1
1,24,23:51,Clear.,0
1,1,"00:51Wed, 21 Jan",Clear.,-1
1,2,01:51,Clear.,-1
1,3,02:51,Clear.,-2
1,4,03:51,Clear.,-2
1,5,04:51,Clear.,-3
1,6,05:51,Clear.,-3
1,7,06:51,Clear.,-4
1,8,07:51,Sunny.,-3
1,9,08:51,Sunny.,-3
1,10,09:51,Sunny.,-2
1,11,10:51,Partly sunny.,-2
1,12,11:51,Passing clouds.,0
1,13,12:51,Overcast.,2
1,14,13:51,Scattered clouds.,2
1,15,14:51,Partly sunny.,2
1,16,15:51,Overcast.,2
1,17,16:51,Overcast.,1
1,18,17:51,Passing clouds.,1
1,19,18:51,Mostly cloudy.,1
1,20,19:51,Overcast.,2
1,21,20:51,Overcast.,1
1,22,21:51,Overcast.,1
1,23,22:51,Overcast.,1
1,24,23:51,Overcast.,1
1,1,"00:51Thu, 22 Jan",Overcast.,1
1,2,02:02,Overcast.,1
1,3,02:51,Overcast.,1
1,4,03:51,Overcast.,0
1,5,04:51,Overcast.,0
1,6,05:51,Mostly cloudy.,0
1,7,06:53,Mostly cloudy.,-1
1,8,07:59,Overcast.,-1
1,9,08:51,Mostly cloudy.,0
1,10,09:51,Overcast.,0
1,11,10:51,Overcast.,1
1,12,11:51,Overcast.,2
1,13,12:51,Scattered clouds.,2
1,14,13:51,Passing clouds.,3
1,15,14:51,Scattered clouds.,4
1,16,15:51,Sunny.,4
1,17,16:51,Sunny.,3
1,18,17:51,Clear.,3
1,19,18:51,Clear.,3
1,20,19:51,Clear.,2
1,21,20:51,Clear.,1
1,22,21:51,Clear.,1
1,23,22:51,Clear.,0
1,24,23:51,Clear.,-1
1,1,"00:51Fri, 23 Jan",Clear.,-1
1,2,01:51,Clear.,-1
1,3,02:51,Clear.,-1
1,4,03:51,Clear.,-2
1,5,04:51,Clear.,-2
1,6,05:51,Clear.,-2
1,7,06:51,Clear.,-2
1,8,07:51,Sunny.,-2
1,9,08:51,Sunny.,-2
1,10,09:51,Sunny.,-1
1,11,10:51,Sunny.,-1
1,12,11:51,Sunny.,1
1,13,12:51,Sunny.,2
1,14,13:51,Sunny.,3
1,15,14:51,Sunny.,3
1,16,15:51,Sunny.,4
1,17,16:51,Sunny.,3
1,18,17:51,Clear.,3
1,19,18:51,Clear.,3
1,20,19:51,Clear.,3
1,21,20:51,Clear.,3
1,22,21:51,Overcast.,3
1,23,22:51,Overcast.,3
1,24,23:51,Overcast.,3
1,1,"00:59Sat, 24 Jan",Light snow. Overcast.,1
1,2,01:51,Snow. Fog.,1
1,3,02:51,Snow. Fog.,1
1,4,03:51,Snow. Fog.,1
1,5,04:51,Light snow. Fog.,1
1,6,05:59,Light snow. Fog.,1
1,7,06:51,Light rain. Fog.,1
1,8,07:51,Fog.,1
1,10,08:51,Fog.,1
1,11,09:51,Light rain. Fog.,1
1,12,10:51,Fog.,2
1,14,11:51,Fog.,2
1,16,13:51,Fog.,2
1,17,14:51,Mostly cloudy.,3
1,18,15:58,Overcast.,2
1,19,16:51,More clouds than sun.,3
1,20,17:51,Mostly cloudy.,3
1,21,18:51,Clear.,3
1,22,19:51,Clear.,3
1,23,20:51,Clear.,3
1,24,21:51,Clear.,2
1,25,22:51,Passing clouds.,2
1,26,23:51,Overcast.,2
1,1,"00:51Sun, 25 Jan",Overcast.,3
1,2,01:51,Overcast.,3
1,3,02:51,Passing clouds.,3
1,4,03:51,Passing clouds.,2
1,5,04:51,Clear.,1
1,6,05:51,Clear.,2
1,7,06:51,Overcast.,2
1,8,07:51,Overcast.,2
1,9,08:51,Partly sunny.,3
1,10,09:51,Sunny.,4
1,11,10:51,Passing clouds.,5
1,12,11:51,Sunny.,5
1,13,12:51,Sunny.,6
1,14,13:51,Sunny.,6
1,15,14:51,Sunny.,6
1,16,15:51,Sunny.,5
1,17,16:51,Sunny.,3
1,18,17:51,Clear.,3
1,19,18:51,Passing clouds.,2
1,20,19:51,Clear.,2
1,21,20:51,Overcast.,1
1,22,21:51,Mostly cloudy.,0
1,23,22:51,Overcast.,0
1,24,23:51,Passing clouds.,-1
1,1,"00:51Mon, 26 Jan",Overcast.,-2
1,2,01:51,Overcast.,-2
1,3,02:51,Overcast.,-3
1,4,03:51,Mostly cloudy.,-3
1,5,04:51,Mostly cloudy.,-4
1,6,05:51,Mostly cloudy.,-4
1,7,06:51,Light snow. Overcast.,-4
1,8,07:51,Overcast.,-4
1,9,08:54,Light snow. Mostly cloudy.,-4
1,10,09:51,Snow. Mostly cloudy.,-4
1,11,10:51,Light snow. Mostly cloudy.,-4
1,12,11:51,Mostly cloudy.,-5
1,13,12:51,Light snow. Mostly cloudy.,-5
1,14,13:51,Light snow. Mostly cloudy.,-5
1,15,14:51,Heavy snow. Ice fog.,-4
1,16,15:51,Snow. Ice fog.,-4
1,17,16:51,Snow. Ice fog.,-4
1,18,18:00,Light snow. Overcast.,-3
1,19,18:51,Overcast.,-3
1,20,19:51,Light snow. Overcast.,-3
1,21,20:51,Light snow. Overcast.,-3
1,22,21:51,Light snow. Overcast.,-3
1,23,22:51,Light snow. Overcast.,-3
1,24,23:51,Light snow. Overcast.,-4
1,1,"00:51Tue, 27 Jan",Heavy snow. Ice fog.,-4
1,2,01:51,Light snow. Ice fog.,-5
1,3,02:51,Light snow. Overcast.,-6
1,4,03:51,Snow. Ice fog.,-6
1,5,05:00,Light snow. Ice fog.,-6
1,6,05:51,Mostly cloudy.,-6
1,7,06:51,Overcast.,-6
1,8,07:51,Overcast.,-5
1,9,08:51,Overcast.,-5
1,10,09:51,Overcast.,-5
1,11,10:51,Light snow. Mostly cloudy.,-4
1,12,11:51,Mostly cloudy.,-3
1,13,12:51,Broken clouds.,-3
1,14,13:51,Partly sunny.,-2
1,15,14:51,Passing clouds.,-2
1,16,15:51,Sunny.,-1
1,17,16:51,Sunny.,-3
1,18,17:51,Clear.,-3
1,19,18:51,Passing clouds.,-3
1,20,19:51,Passing clouds.,-3
1,21,20:51,Clear.,-4
1,22,21:51,Clear.,-6
1,23,22:51,Clear.,-6
1,24,23:51,Clear.,-7
1,1,"00:51Wed, 28 Jan",Clear.,-8
1,2,01:51,Clear.,-8
1,3,02:51,Clear.,-8
1,4,03:51,Clear.,-8
1,5,04:51,Clear.,-8
1,6,05:51,Clear.,-8
1,7,06:51,Clear.,-8
1,8,07:51,Sunny.,-8
1,9,08:51,Scattered clouds.,-7
1,10,09:51,Sunny.,-6
1,11,10:51,Sunny.,-4
1,12,11:51,Sunny.,-3
1,13,12:51,Sunny.,-1
1,14,13:51,Sunny.,-1
1,15,14:51,Sunny.,1
1,16,15:51,Sunny.,1
1,17,16:51,Sunny.,1
1,18,17:51,Clear.,0
1,19,18:51,Clear.,-1
1,20,19:51,Clear.,-1
1,21,20:51,Clear.,-2
1,22,21:51,Clear.,-2
1,23,22:51,Clear.,-3
1,24,23:51,Clear.,-4
1,1,"00:51Thu, 29 Jan",Clear.,-4
1,2,01:51,Clear.,-5
1,3,02:51,Clear.,-6
1,4,03:51,Clear.,-6
1,5,04:51,Clear.,-6
1,6,05:51,Clear.,-7
1,7,06:51,Clear.,-7
1,8,07:51,Sunny.,-7
1,9,08:51,Sunny.,-6
1,10,09:51,Sunny.,-3
1,11,10:51,Sunny.,-2
1,12,11:51,Sunny.,-1
1,13,12:51,Sunny.,0
1,14,13:51,Scattered clouds.,1
1,15,14:51,Partly sunny.,-1
1,16,15:51,Partly sunny.,-1
1,17,16:51,Overcast.,-1
1,18,17:51,Partly cloudy.,0
1,19,18:51,Passing clouds.,1
1,20,19:51,Mostly cloudy.,2
1,21,20:51,Mostly cloudy.,2
1,22,21:51,Overcast.,2
1,23,22:51,Mostly cloudy.,2
1,1,"00:01Fri, 30 Jan",Light snow. Mostly cloudy.,0
1,3,01:58,Light snow. Overcast.,1
1,4,02:51,Mostly cloudy.,1
1,5,03:51,Overcast.,3
1,6,04:51,Overcast.,2
1,7,05:51,Mostly cloudy.,2
1,8,06:51,Overcast.,1
1,9,07:51,Overcast.,0
1,10,09:02,Light snow. Overcast.,0
1,11,09:51,Overcast.,0
1,12,10:51,Overcast.,1
1,13,12:01,Cloudy.,2
1,14,12:51,Cloudy.,3
1,15,13:51,Overcast.,3
1,16,14:51,Partly sunny.,3
1,17,15:51,Passing clouds.,2
1,18,16:51,Scattered clouds.,2
1,19,17:51,Overcast.,0
1,20,18:51,Clear.,-2
1,21,19:51,Clear.,-4
1,22,20:51,Clear.,-6
1,23,21:51,Clear.,-6
1,24,22:51,Clear.,-7
1,25,23:51,Clear.,-7
1,1,"00:51Sat, 31 Jan",Clear.,-8
1,2,01:51,Clear.,-8
1,3,02:51,Clear.,-8
1,4,03:51,Clear.,-9
1,5,04:51,Clear.,-9
1,6,05:51,Clear.,-1
1,7,06:51,Clear.,-1
1,8,07:51,Sunny.,-1
1,9,08:51,Sunny.,-1
1,10,09:51,Sunny.,-9
1,11,10:51,Sunny.,-8
1,12,11:51,Sunny.,-6
1,13,12:51,Sunny.,-5
1,14,13:51,Sunny.,-4
1,15,14:51,Sunny.,-3
1,16,15:51,Sunny.,-3
1,17,16:51,Sunny.,-4
1,18,17:51,Clear.,-4
1,19,18:51,Clear.,-5
1,20,19:51,Clear.,-6
1,21,20:51,Clear.,-6
1,22,21:51,Clear.,-6
1,23,22:51,Clear.,-7
1,24,23:51,Clear.,-7
2,1,"00:51Sun, 1 Feb",Clear.,-7
2,2,01:51,Passing clouds.,-6
2,3,02:51,Clear.,-6
2,4,03:51,Passing clouds.,-5
2,5,04:51,Passing clouds.,-4
2,6,05:51,Overcast.,-4
2,7,06:51,Overcast.,-4
2,8,07:51,Overcast.,-3
2,9,08:51,Overcast.,-2
2,10,09:51,Sunny.,-1
2,11,10:51,Passing clouds.,1
2,12,11:51,Overcast.,1
2,13,12:51,Partly sunny.,2
2,14,13:51,Overcast.,2
2,15,14:51,Overcast.,2
2,16,15:51,Overcast.,2
2,17,16:51,Passing clouds.,2
2,18,17:51,Overcast.,2
2,19,18:51,Overcast.,2
2,20,19:51,Mostly cloudy.,2
2,21,20:51,Light snow. Mostly cloudy.,2
2,22,21:51,Light snow. Mostly cloudy.,1
2,23,22:51,Light snow. Ice fog.,0
2,1,"00:00Mon, 2 Feb",Light snow. Fog.,1
2,2,00:51,Light snow. Fog.,1
2,4,01:51,Snow. Fog.,1
2,5,02:51,Snow. Fog.,1
2,6,03:51,Snow. Fog.,1
2,7,04:51,Light snow. Fog.,1
2,9,06:51,Light freezing rain. Ice fog.,-1
2,10,07:51,Light freezing rain. Ice fog.,-1
2,11,08:51,Light snow. Ice fog.,-2
2,12,09:51,Ice fog.,-2
2,13,10:51,Light freezing rain. Ice fog.,-1
2,14,11:51,Ice fog.,-2
2,15,12:58,Overcast.,-3
2,16,13:58,Light snow. Ice fog.,-4
2,17,14:51,Snow. Ice fog.,-4
2,18,15:51,More clouds than sun.,-4
2,19,16:51,Ice fog.,-5
2,20,17:51,Overcast.,-5
2,21,18:51,Mostly cloudy.,-5
2,22,19:51,Overcast.,-6
2,23,20:51,Partly cloudy.,-8
2,24,21:51,Clear.,-9
2,25,22:51,Clear.,-1
2,26,23:51,Clear.,-1
2,1,"00:51Tue, 3 Feb",Clear.,-1
2,2,01:51,Clear.,-1
2,3,02:51,Clear.,-1
2,4,03:51,Clear.,-1
2,5,04:51,Clear.,-9
2,6,05:51,Clear.,-9
2,7,06:51,Clear.,-9
2,8,07:51,Sunny.,-9
2,9,08:51,Sunny.,-8
2,10,09:51,Sunny.,-8
2,11,10:51,Sunny.,-7
2,12,11:51,Sunny.,-6
2,13,12:51,Sunny.,-6
2,14,13:51,Sunny.,-5
2,15,14:51,Sunny.,-4
2,16,15:51,Sunny.,-4
2,17,16:51,Sunny.,-4
2,18,17:51,Clear.,-4
2,19,18:51,Clear.,-4
2,20,19:51,Clear.,-4
2,21,20:51,Clear.,-4
2,22,21:51,Clear.,-4
2,23,22:51,Clear.,-4
2,24,23:51,Clear.,-4
2,1,"00:51Wed, 4 Feb",Clear.,-4
2,2,01:51,Clear.,-4
2,3,02:51,Overcast.,-3
2,4,03:51,Passing clouds.,-3
2,5,04:51,Mostly cloudy.,-3
2,6,05:51,Overcast.,-3
2,7,06:51,Overcast.,-2
2,8,07:51,Overcast.,-1
2,9,08:51,Mostly cloudy.,0
2,10,09:51,Overcast.,1
2,11,10:51,Mostly cloudy.,2
2,12,11:51,Partly sunny.,3
2,13,12:51,Overcast.,3
2,14,13:51,Overcast.,3
2,15,14:51,Overcast.,3
2,16,15:51,Sunny.,4
2,17,16:51,Passing clouds.,4
2,18,17:51,Clear.,4
2,19,18:51,Clear.,6
2,20,19:51,Passing clouds.,6
2,21,20:51,Passing clouds.,6
2,22,21:51,Passing clouds.,6
2,23,22:51,Overcast.,6
2,24,23:51,Mostly cloudy.,6
2,1,"00:51Thu, 5 Feb",Mostly cloudy.,6
2,2,01:51,Clear.,5
2,3,02:51,Clear.,5
2,4,03:51,Passing clouds.,4
2,5,04:51,Overcast.,4
2,6,05:51,Overcast.,3
2,7,06:51,Overcast.,1
2,8,07:51,Overcast.,0
2,9,08:51,Overcast.,-1
2,10,09:51,Overcast.,-2
2,11,10:51,Mostly cloudy.,-2
2,12,11:51,Partly sunny.,-2
2,13,12:51,Sunny.,-2
2,14,13:51,Passing clouds.,-3
2,15,14:51,Sunny.,-2
2,16,15:51,Sunny.,-4
2,17,16:51,Scattered clouds.,-4
2,18,17:51,Passing clouds.,-6
2,19,18:51,Clear.,-6
2,20,19:51,Clear.,-7
2,21,20:51,Clear.,-8
2,22,21:51,Clear.,-9
2,23,22:51,Clear.,-9
2,24,23:51,Clear.,-1
2,1,"00:51Fri, 6 Feb",Clear.,-1
2,2,01:51,Clear.,-1
2,3,02:51,Clear.,-1
2,4,03:51,Clear.,-1
2,5,04:51,Clear.,-1
2,6,05:51,Clear.,-1
2,7,06:51,Clear.,-1
2,8,07:51,Sunny.,-1
2,9,08:51,Sunny.,-9
2,10,09:51,Sunny.,-8
2,11,10:51,Overcast.,-7
2,12,11:51,Overcast.,-7
2,13,12:51,More clouds than sun.,-6
2,14,13:51,Passing clouds.,-4
2,15,14:51,Sunny.,-3
2,16,15:51,Sunny.,-3
2,17,16:51,Sunny.,-3
2,18,17:51,Clear.,-3
2,19,18:51,Clear.,-3
2,20,19:51,Clear.,-3
2,21,20:51,Clear.,-3
2,22,21:51,Clear.,-4
2,23,22:51,Clear.,-3
2,24,23:51,Clear.,-4
2,1,"00:51Sat, 7 Feb",Clear.,-3
2,2,01:51,Overcast.,-3
2,3,02:51,Overcast.,-3
2,4,03:51,Overcast.,-3
2,5,04:51,Overcast.,-3
2,6,05:51,Overcast.,-2
2,7,06:51,Overcast.,-2
2,8,07:51,Overcast.,-2
2,9,08:51,Overcast.,-1
2,10,09:51,Overcast.,-1
2,11,10:51,Light snow. Mostly cloudy.,-1
2,12,12:02,Light snow. Mostly cloudy.,-1
2,13,12:51,Overcast.,0
2,14,13:51,More clouds than sun.,1
2,15,14:51,More clouds than sun.,2
2,16,15:51,Partly sunny.,2
2,17,16:51,Sunny.,3
2,18,17:51,Passing clouds.,3
2,19,18:51,Overcast.,3
2,20,19:51,Clear.,3
2,21,20:51,Overcast.,2
2,22,21:51,Overcast.,2
2,23,22:51,Overcast.,3
2,24,23:51,Mostly cloudy.,3
2,1,"00:51Sun, 8 Feb",Overcast.,2
2,2,01:51,Passing clouds.,2
2,3,02:51,Mostly cloudy.,1
2,4,03:51,Overcast.,1
2,5,04:51,Passing clouds.,1
2,6,05:51,Passing clouds.,1
2,7,06:51,Clear.,1
2,8,07:51,Low clouds.,2
2,9,08:51,Low clouds.,2
2,10,09:51,Low clouds.,2
2,11,10:51,Low clouds.,2
2,12,11:51,Low clouds.,2
2,13,12:51,Low clouds.,2
2,14,13:51,Low clouds.,2
2,15,14:51,Fog.,1
2,16,15:51,Fog.,1
2,17,16:51,Fog.,1
2,18,17:51,Low clouds.,2
2,19,18:51,Overcast.,2
2,20,19:51,Overcast.,2
2,21,20:51,Low clouds.,1
2,22,21:51,Low clouds.,0
2,23,22:51,Low clouds.,-1
2,24,23:51,Low clouds.,-2
2,1,"00:51Mon, 9 Feb",Overcast.,-2
2,2,01:51,Overcast.,-3
2,3,02:51,Overcast.,-3
2,4,03:51,Overcast.,-3
2,5,04:51,Overcast.,-3
2,6,05:51,Overcast.,-3
2,7,06:51,Light snow. Overcast.,-4
2,8,07:51,Light snow. Overcast.,-4
2,9,08:51,Overcast.,-3
2,10,09:51,Overcast.,-3
2,11,10:51,Light snow. Overcast.,-3
2,12,11:51,Overcast.,-3
2,13,12:51,Overcast.,-3
2,14,13:51,Overcast.,-3
2,15,14:51,Overcast.,-3
2,16,16:01,Overcast.,-3
2,17,16:51,Overcast.,-3
2,18,17:51,Overcast.,-3
2,19,18:51,Overcast.,-3
2,20,19:51,Overcast.,-3
2,21,20:51,Overcast.,-3
2,22,21:51,Overcast.,-3
2,23,22:51,Overcast.,-3
2,24,23:51,Overcast.,-3
2,1,"00:51Tue, 10 Feb",Overcast.,-3
2,2,01:51,Overcast.,-3
2,3,02:51,Overcast.,-3
2,4,03:51,Light snow. Overcast.,-3
2,5,04:51,Mostly cloudy.,-3
2,6,05:51,Overcast.,-3
2,7,06:51,Mostly cloudy.,-3
2,8,07:51,Mostly cloudy.,-3
2,9,08:58,More clouds than sun.,-2
2,10,09:51,Overcast.,-2
2,11,10:51,Overcast.,-1
2,12,11:51,Mostly cloudy.,0
2,13,12:51,Overcast.,1
2,14,13:51,Sunny.,3
2,15,14:51,Passing clouds.,4
2,16,15:51,Overcast.,4
2,17,16:51,Overcast.,3
2,18,17:51,Passing clouds.,2
2,19,18:51,Clear.,1
2,20,19:51,Clear.,1
2,21,20:51,Clear.,0
2,22,21:51,Clear.,-1
2,23,22:51,Clear.,-1
2,24,23:51,Clear.,-2
2,1,"00:51Wed, 11 Feb",Clear.,-2
2,2,01:51,Clear.,-3
2,3,02:51,Clear.,-3
2,4,03:51,Clear.,-4
2,5,04:51,Clear.,-4
2,6,05:51,Clear.,-5
2,7,06:51,Clear.,-6
2,8,07:51,Sunny.,-6
2,9,08:51,Sunny.,-5
2,10,09:51,Sunny.,-3
2,11,10:51,Sunny.,-3
2,12,11:51,Sunny.,-2
2,13,12:51,Sunny.,-1
2,14,13:51,Sunny.,0
2,15,14:51,Sunny.,1
2,16,15:51,Sunny.,1
2,17,16:51,Sunny.,0
2,18,17:51,Clear.,-1
2,19,18:51,Clear.,-1
2,20,19:51,Clear.,-1
2,21,20:51,Clear.,-2
2,22,21:51,Clear.,-2
2,23,22:51,Clear.,-2
2,24,23:51,Passing clouds.,-2
2,1,"00:51Thu, 12 Feb",Overcast.,-2
2,2,01:51,Overcast.,-2
2,3,02:51,Passing clouds.,-1
2,4,03:51,Overcast.,-1
2,5,04:51,Mostly cloudy.,-1
2,6,05:51,Mostly cloudy.,-1
2,7,06:51,Mostly cloudy.,-1
2,8,07:51,Overcast.,-1
2,9,08:51,More clouds than sun.,0
2,10,09:51,More clouds than sun.,1
2,11,10:51,More clouds than sun.,2
2,12,11:56,Light snow. Cloudy.,2
2,13,12:51,Mostly cloudy.,2
2,14,13:51,Mostly cloudy.,3
2,15,14:51,Cloudy.,4
2,16,15:51,Mostly cloudy.,2
2,17,16:51,Scattered clouds.,2
2,18,17:51,Passing clouds.,2
2,19,18:51,Overcast.,1
2,20,19:51,Overcast.,-2
2,21,20:51,Passing clouds.,-3
2,22,21:51,Clear.,-4
2,23,22:51,Passing clouds.,-6
2,24,23:51,Clear.,-9
2,1,"00:51Fri, 13 Feb",Clear.,-1
2,2,01:51,Clear.,-1
2,3,02:51,Clear.,-1
2,4,03:51,Clear.,-1
2,5,04:51,Clear.,-1
2,6,05:51,Clear.,-1
2,7,06:51,Clear.,-1
2,8,07:51,Sunny.,-1
2,9,08:51,Sunny.,-1
2,10,09:51,Sunny.,-1
2,11,10:51,Sunny.,-1
2,12,11:51,Sunny.,-9
2,13,12:51,Sunny.,-8
2,14,13:51,Sunny.,-7
2,15,14:51,Sunny.,-7
2,16,15:51,Sunny.,-7
2,17,16:51,Sunny.,-7
2,18,17:51,Clear.,-7
2,19,18:51,Clear.,-7
2,20,19:51,Clear.,-7
2,21,20:51,Clear.,-8
2,22,21:51,Clear.,-8
2,23,22:51,Clear.,-8
2,24,23:51,Clear.,-8
2,1,"00:51Sat, 14 Feb",Clear.,-8
2,2,01:51,Passing clouds.,-8
2,3,02:51,Clear.,-8
2,4,03:51,Passing clouds.,-7
2,5,04:51,Mostly cloudy.,-7
2,6,05:51,Overcast.,-6
2,7,06:51,Overcast.,-6
2,8,07:51,Overcast.,-5
2,9,08:51,Overcast.,-4
2,10,09:51,More clouds than sun.,-3
2,11,10:51,Overcast.,-2
2,12,11:51,Overcast.,-2
2,13,12:51,Overcast.,-1
2,14,13:51,Overcast.,0
2,15,14:53,Light snow. Mostly cloudy.,-1
2,16,15:51,Light snow. Mostly cloudy.,-2
2,18,16:51,Light snow. More clouds than sun.,-2
2,19,17:03,Light snow. Mostly cloudy.,-2
2,21,18:51,Mostly cloudy.,-2
2,22,19:51,Mostly cloudy.,-2
2,23,20:51,Passing clouds.,-2
2,24,21:57,Mostly cloudy.,-2
2,25,22:51,Light snow. Mostly cloudy.,-3
2,26,23:51,Light snow. Overcast.,-4
2,1,"00:51Sun, 15 Feb",Mostly cloudy.,-4
2,2,01:51,Mostly cloudy.,-6
2,3,02:51,Overcast.,-8
2,4,03:51,Overcast.,-9
2,5,04:51,Overcast.,-9
2,6,05:51,Mostly cloudy.,-1
2,7,06:51,More clouds than sun.,-1
2,8,07:51,Overcast.,-1
2,9,08:51,Mostly cloudy.,-9
2,10,09:51,Overcast.,-8
2,11,10:51,Overcast.,-8
2,12,11:51,Sunny.,-8
2,13,12:51,Sunny.,-7
2,14,13:51,Sunny.,-7
2,15,14:51,Sunny.,-7
2,16,15:51,Sunny.,-8
2,17,16:51,Sunny.,-9
2,18,17:51,Clear.,-1
2,19,18:51,Clear.,-1
2,20,19:51,Clear.,-1
2,21,20:51,Clear.,-1
2,22,21:51,Clear.,-1
2,23,22:51,Clear.,-1
2,24,23:51,Clear.,-1
2,1,"00:51Mon, 16 Feb",Clear.,-1
2,2,01:51,Clear.,-1
2,3,02:51,Clear.,-1
2,4,03:51,Clear.,-1
2,5,04:51,Clear.,-1
2,6,05:51,Clear.,-1
2,7,06:51,Sunny.,-1
2,8,07:51,Sunny.,-1
2,9,08:51,Sunny.,-1
2,10,09:51,Sunny.,-1
2,11,10:51,Sunny.,-1
2,12,11:51,Sunny.,-9
2,13,12:51,Sunny.,-8
2,14,13:51,Sunny.,-7
2,15,14:51,Sunny.,-7
2,16,15:51,Sunny.,-7
2,17,16:51,Sunny.,-7
2,18,17:51,Clear.,-7
2,19,18:51,Clear.,-7
2,20,19:51,Clear.,-7
2,21,20:51,Overcast.,-7
2,22,21:51,Overcast.,-7
2,23,22:51,Overcast.,-7
2,24,23:51,Overcast.,-7
2,1,"00:51Tue, 17 Feb",Overcast.,-7
2,2,01:51,Overcast.,-8
2,3,02:51,Light snow. Overcast.,-8
2,4,03:51,Snow. Ice fog.,-9
2,5,04:51,Light snow. Ice fog.,-9
2,6,05:59,Light snow. Overcast.,-9
2,7,06:51,Light snow. More clouds than sun.,-9
2,8,07:51,Light snow. Overcast.,-9
2,9,08:51,Light snow. Mostly cloudy.,-8
2,10,09:51,Light snow. Mostly cloudy.,-8
2,11,10:51,Light snow. More clouds than sun.,-7
2,12,11:51,Overcast.,-6
2,13,12:51,More clouds than sun.,-4
2,14,13:51,Scattered clouds.,-4
2,15,14:51,Sunny.,-3
2,16,15:51,Sunny.,-3
2,17,16:51,Sunny.,-3
2,18,17:51,Clear.,-3
2,19,18:51,Clear.,-3
2,20,19:51,Clear.,-4
2,21,20:51,Clear.,-3
2,22,21:51,Clear.,-4
2,23,22:51,Clear.,-4
2,24,23:51,Clear.,-4
2,1,"00:51Wed, 18 Feb",Clear.,-5
2,2,01:51,Clear.,-6
2,3,02:51,Clear.,-6
2,4,03:51,Clear.,-6
2,5,04:51,Clear.,-7
2,6,05:51,Clear.,-7
2,7,06:51,Sunny.,-7
2,8,07:51,Sunny.,-6
2,9,08:51,Sunny.,-6
2,10,09:51,Sunny.,-4
2,11,10:51,Sunny.,-3
2,12,11:51,Scattered clouds.,-1
2,13,12:51,Overcast.,-2
2,14,13:51,Overcast.,-2
2,15,14:51,Scattered clouds.,-1
2,16,15:51,Sunny.,-1
2,17,16:51,Sunny.,-2
2,18,17:51,Overcast.,-2
2,19,18:51,Mostly cloudy.,-2
2,20,19:59,Light snow. Mostly cloudy.,-2
2,21,20:51,Passing clouds.,-2
2,22,21:51,Passing clouds.,-2
2,23,22:51,Clear.,-2
2,24,23:51,Mostly cloudy.,-3
2,1,"00:51Thu, 19 Feb",Clear.,-4
2,2,01:51,Passing clouds.,-6
2,3,02:51,Passing clouds.,-7
2,4,03:51,Passing clouds.,-7
2,5,04:51,Clear.,-8
2,6,05:51,Clear.,-8
2,7,06:51,Sunny.,-9
2,8,07:51,Sunny.,-9
2,9,08:51,Overcast.,-8
2,10,09:51,Mostly cloudy.,-8
2,11,10:51,Mostly cloudy.,-7
2,12,11:51,Overcast.,-6
2,13,12:51,Overcast.,-7
2,14,13:51,Passing clouds.,-6
2,15,14:51,Passing clouds.,-6
2,16,15:51,Scattered clouds.,-6
2,17,16:51,Passing clouds.,-8
2,18,17:51,Passing clouds.,-9
2,19,18:51,Passing clouds.,-9
2,20,19:51,Partly cloudy.,-1
2,21,20:51,Passing clouds.,-1
2,22,21:51,Clear.,-1
2,23,22:51,Clear.,-1
2,24,23:51,Clear.,-1
2,1,"00:51Fri, 20 Feb",Clear.,-1
2,2,01:51,Clear.,-1
2,3,02:51,Clear.,-1
2,4,03:51,Clear.,-1
2,5,04:51,Clear.,-1
2,6,05:51,Clear.,-1
2,7,06:51,Sunny.,-1
2,8,07:51,Sunny.,-1
2,9,08:51,Sunny.,-1
2,10,09:51,Sunny.,-1
2,11,10:51,Sunny.,-1
2,12,11:51,Sunny.,-1
2,13,12:51,Sunny.,-9
2,14,13:51,Sunny.,-8
2,15,14:51,Sunny.,-7
2,16,15:51,Sunny.,-7
2,17,16:51,Sunny.,-7
2,18,17:51,Clear.,-8
2,19,18:51,Clear.,-8
2,20,19:51,Clear.,-9
2,21,20:51,Clear.,-9
2,22,21:51,Clear.,-9
2,23,22:51,Clear.,-9
2,24,23:51,Clear.,-1
2,1,"00:51Sat, 21 Feb",Clear.,-1
2,2,01:51,Clear.,-1
2,3,02:51,Clear.,-9
2,4,03:51,Clear.,-9
2,5,04:51,Clear.,-8
2,6,05:51,Clear.,-8
2,7,06:51,Scattered clouds.,-8
2,8,07:51,Sunny.,-7
2,9,08:51,Sunny.,-6
2,10,09:51,Sunny.,-5
2,11,10:51,Passing clouds.,-4
2,12,11:51,Partly sunny.,-3
2,13,12:51,Overcast.,-2
2,14,13:51,Snow. Ice fog.,-3
2,16,14:51,Heavy snow. Ice fog.,-3
2,18,15:51,Snow. Overcast.,-3
2,19,16:51,Snow. Overcast.,-2
2,20,17:51,Light snow. Overcast.,-2
2,21,18:51,Light snow. Low clouds.,-2
2,22,20:02,Light snow. Ice fog.,-1
2,24,21:51,Light freezing rain. Ice fog.,-1
2,25,22:51,Light freezing rain. Ice fog.,0
2,26,23:51,Light freezing rain. Ice fog.,0
2,1,"00:51Sun, 22 Feb",Fog.,1
2,2,01:51,Light rain. Fog.,1
2,3,02:51,Fog.,1
2,4,03:58,Light freezing rain. Ice fog.,0
2,5,05:00,Light snow. Ice fog.,0
2,6,06:02,Light snow. Ice fog.,0
2,7,06:51,Light snow. Ice fog.,0
2,8,07:51,Ice fog.,0
2,9,09:02,Fog.,1
2,10,09:51,Fog.,1
2,11,10:51,Sunny.,1
2,12,11:51,Sunny.,2
2,13,12:51,Sunny.,3
2,14,13:51,Sunny.,5
2,15,14:51,Sunny.,6
2,16,15:51,Sunny.,6
2,17,16:51,Sunny.,5
2,18,17:51,Clear.,4
2,19,18:51,Clear.,4
2,20,19:51,Clear.,4
2,21,20:51,Clear.,4
2,22,21:51,Clear.,4
2,23,22:51,Clear.,4
2,24,23:51,Clear.,3
2,1,"00:51Mon, 23 Feb",Clear.,3
2,2,01:51,Passing clouds.,2
2,3,02:51,Clear.,1
2,4,03:51,Clear.,1
2,5,04:51,Clear.,1
2,6,05:51,Overcast.,-1
2,7,06:51,Overcast.,-2
2,8,07:51,Overcast.,-4
2,9,08:51,Partly sunny.,-6
2,10,09:51,Partly sunny.,-6
2,11,10:51,Overcast.,-7
2,12,11:51,Sunny.,-6
2,13,12:51,Sunny.,-6
2,14,13:51,Sunny.,-4
2,15,14:51,Sunny.,-5
2,16,15:51,Sunny.,-6
2,17,16:51,Sunny.,-7
2,18,17:51,Clear.,-8
2,19,18:51,Clear.,-9
2,20,19:51,Clear.,-1
2,21,20:51,Clear.,-1
2,22,21:51,Clear.,-1
2,23,22:51,Clear.,-1
2,24,23:51,Clear.,-1
2,1,"00:51Tue, 24 Feb",Clear.,-1
2,2,01:51,Clear.,-1
2,3,02:51,Clear.,-1
2,4,03:51,Clear.,-1
2,5,04:51,Clear.,-1
2,6,05:51,Clear.,-1
2,7,06:51,Sunny.,-1
2,8,07:51,Sunny.,-1
2,9,08:51,Sunny.,-1
2,10,09:51,Sunny.,-1
2,11,10:51,Sunny.,-1
2,12,11:51,Sunny.,-8
2,13,12:51,Sunny.,-7
2,14,13:51,Sunny.,-7
2,15,14:51,Sunny.,-6
2,16,15:51,Sunny.,-6
2,17,16:51,Sunny.,-6
2,18,17:51,Clear.,-6
2,19,18:51,Clear.,-6
2,20,19:51,Clear.,-4
2,21,20:51,Passing clouds.,-4
2,22,21:51,Overcast.,-4
2,23,22:51,Clear.,-5
2,24,23:51,Clear.,-5
2,1,"00:51Wed, 25 Feb",Clear.,-5
2,2,01:51,Clear.,-5
2,3,02:51,Clear.,-6
2,4,03:51,Clear.,-6
2,5,04:51,Clear.,-7
2,6,05:51,Clear.,-6
2,7,06:51,Sunny.,-7
2,8,07:51,Sunny.,-6
2,9,08:51,Sunny.,-4
2,10,09:51,Sunny.,-2
2,11,10:51,Sunny.,0
2,12,11:51,Sunny.,1
2,13,12:51,Sunny.,2
2,14,13:51,Sunny.,2
2,15,14:51,Sunny.,3
2,16,15:51,Sunny.,3
2,17,16:51,Sunny.,2
2,18,17:51,Clear.,2
2,19,18:51,Clear.,2
2,20,19:51,Clear.,1
2,21,20:51,Clear.,1
2,22,21:51,Clear.,1
2,23,22:51,Clear.,1
2,24,23:51,Clear.,0
2,1,"00:51Thu, 26 Feb",Clear.,-1
2,2,01:51,Clear.,-2
2,3,02:51,Clear.,-3
2,4,03:51,Clear.,-4
2,5,04:51,Clear.,-5
2,6,05:51,Passing clouds.,-6
2,7,06:51,Overcast.,-6
2,8,07:51,Overcast.,-6
2,9,08:51,Overcast.,-6
2,10,09:51,Overcast.,-5
2,11,10:51,Overcast.,-5
2,12,11:51,Overcast.,-4
2,13,12:51,Broken clouds.,-3
2,14,13:51,Overcast.,-4
2,15,14:51,Overcast.,-3
2,16,15:51,Overcast.,-3
2,17,16:51,Overcast.,-3
2,18,17:51,Overcast.,-3
2,19,18:51,Overcast.,-3
2,20,19:51,Overcast.,-4
2,21,20:51,Clear.,-4
2,22,21:51,Clear.,-5
2,23,22:51,Clear.,-6
2,24,23:51,Clear.,-6
2,1,"00:51Fri, 27 Feb",Overcast.,-6
2,2,01:51,Clear.,-6
2,3,02:51,Clear.,-6
2,4,03:51,Passing clouds.,-7
2,5,04:51,Passing clouds.,-7
2,6,05:51,Passing clouds.,-7
2,7,06:51,Overcast.,-8
2,8,07:51,Passing clouds.,-8
2,9,08:51,Sunny.,-7
2,10,09:51,Sunny.,-7
2,11,10:51,Sunny.,-5
2,12,12:51,Sunny.,-2
2,13,13:51,Sunny.,-3
2,14,14:51,Sunny.,-2
2,15,15:51,Sunny.,-1
2,16,16:51,Sunny.,-2
2,17,17:51,Clear.,-2
2,18,18:51,Clear.,-3
2,19,19:51,Clear.,-3
2,20,20:51,Clear.,-4
2,21,21:51,Clear.,-4
2,22,22:51,Clear.,-6
2,23,23:51,Clear.,-6
2,1,"00:51Sat, 28 Feb",Clear.,-7
2,2,01:51,Clear.,-7
2,3,02:51,Clear.,-8
2,4,03:51,Clear.,-9
2,5,04:51,Clear.,-9
2,6,05:51,Clear.,-1
2,7,06:51,Sunny.,-1
2,8,07:51,Sunny.,-1
2,9,08:51,Sunny.,-8
2,10,09:51,Sunny.,-8
2,11,10:51,Sunny.,-7
2,12,11:51,Sunny.,-5
2,13,12:51,Sunny.,-4
2,14,13:51,Sunny.,-4
2,15,14:51,Sunny.,-2
2,16,15:51,Sunny.,-2
2,17,16:51,Sunny.,-2
2,18,17:51,Clear.,-2
2,19,18:51,Clear.,-2
2,20,19:51,Clear.,-2
2,21,20:51,Clear.,-3
2,22,21:51,Clear.,-3
2,23,22:51,Clear.,-3
2,24,23:51,Clear.,-3
3,1,"00:51Sun, 1 Mar",Clear.,-3
3,2,01:51,Clear.,-3
3,3,02:51,Clear.,-4
3,4,03:51,Clear.,-4
3,5,04:51,Passing clouds.,-4
3,6,05:51,Mostly cloudy.,-3
3,7,06:51,Overcast.,-3
3,8,07:51,Mostly cloudy.,-2
3,9,08:51,Overcast.,-1
3,10,09:51,Overcast.,-1
3,11,10:51,Mostly cloudy.,-1
3,12,11:51,Mostly cloudy.,-1
3,13,13:00,Light snow. Mostly cloudy.,-2
3,14,13:51,Heavy snow. Ice fog.,-3
3,15,14:51,Snow. Overcast.,-3
3,16,15:51,Snow. More clouds than sun.,-3
3,17,16:51,Snow. Low clouds.,-3
3,18,17:51,Light snow. Ice fog.,-3
3,19,18:51,Light snow. Overcast.,-2
3,20,20:02,Light snow. Mostly cloudy.,-2
3,21,20:51,Overcast.,-3
3,22,21:51,Light snow. Overcast.,-2
3,23,22:51,Overcast.,-2
3,24,23:51,Overcast.,-2
3,1,"00:51Mon, 2 Mar",Mostly cloudy.,-2
3,2,01:51,Low clouds.,-2
3,3,02:51,Overcast.,-1
3,4,03:51,Mostly cloudy.,-1
3,5,04:51,Overcast.,-1
3,6,05:51,Overcast.,-1
3,7,06:51,Overcast.,0
3,8,07:51,Mostly cloudy.,1
3,9,08:51,Overcast.,1
3,10,09:51,Passing clouds.,2
3,11,10:51,More clouds than sun.,1
3,12,11:51,Sunny.,2
3,13,12:51,Sunny.,2
3,14,13:51,Sunny.,3
3,15,14:51,Sunny.,3
3,16,15:51,Sunny.,3
3,17,16:51,Sunny.,3
3,18,17:51,Clear.,2
3,19,18:51,Clear.,2
3,20,19:51,Clear.,1
3,21,20:51,Clear.,0
3,22,21:51,Clear.,-1
3,23,22:51,Clear.,-2
3,24,23:51,Clear.,-3
3,1,"00:51Tue, 3 Mar",Clear.,-3
3,2,01:51,Clear.,-3
3,3,02:51,Clear.,-4
3,4,03:51,Clear.,-4
3,5,04:51,Clear.,-4
3,6,05:51,Clear.,-5
3,7,06:51,Sunny.,-4
3,8,07:51,Sunny.,-4
3,9,08:51,Sunny.,-3
3,10,09:51,Sunny.,-1
3,11,10:51,Sunny.,-1
3,12,11:51,Passing clouds.,-1
3,13,12:51,More clouds than sun.,-1
3,14,13:51,Overcast.,-1
3,15,14:51,Mostly cloudy.,-1
3,16,15:51,Snow. Cloudy.,-1
3,17,16:51,Heavy snow. Ice fog.,-2
3,18,17:51,Light snow. Mostly cloudy.,-1
3,19,18:51,Light snow. Ice fog.,-1
3,20,19:51,Light freezing rain. Fog.,1
3,21,20:51,Light rain. Fog.,1
3,22,21:51,Light rain. Fog.,2
3,23,22:51,Light rain. Fog.,2
3,24,23:51,Mostly cloudy.,2
3,1,"00:51Wed, 4 Mar",Low clouds.,2
3,2,01:51,Low clouds.,2
3,3,02:51,Low clouds.,2
3,4,03:51,Overcast.,2
3,5,04:04,Low clouds.,2
3,6,04:51,Overcast.,2
3,7,05:51,Light rain. Fog.,2
3,8,06:51,Fog.,2
3,9,07:51,Fog.,2
3,10,08:51,Fog.,3
3,11,09:51,Overcast.,6
3,12,10:51,Overcast.,6
3,13,11:51,Cloudy.,6
3,14,12:51,Mostly cloudy.,7
3,15,13:51,Broken clouds.,7
3,16,14:51,Broken clouds.,7
3,17,15:51,Mostly cloudy.,7
3,18,16:51,Overcast.,6
3,19,17:51,Mostly cloudy.,6
3,20,18:51,Overcast.,6
3,21,19:51,Overcast.,6
3,22,20:51,Light rain. Fog.,6
3,23,21:51,Light rain. Fog.,6
3,24,22:51,Light rain. Fog.,5
3,25,23:51,Light rain. Fog.,4
3,1,"00:51Thu, 5 Mar",Light rain. Fog.,4
3,2,01:51,Light rain. Fog.,3
3,3,02:51,Light rain. Fog.,2
3,4,03:51,Light snow. Fog.,1
3,5,04:51,Light snow. Ice fog.,0
3,6,05:51,Light snow. Ice fog.,0
3,7,06:03,Light snow. Ice fog.,0
3,8,06:59,Light snow. Ice fog.,-1
3,9,08:00,Snow. Ice fog.,-1
3,10,08:51,Snow. Ice fog.,-2
3,11,09:51,Snow. Ice fog.,-3
3,12,10:51,Snow. Ice fog.,-3
3,13,11:51,Snow. Ice fog.,-5
3,14,12:51,Snow. Ice fog.,-7
3,15,13:51,Light snow. Ice fog.,-7
3,16,15:00,Light snow. Mostly cloudy.,-6
3,17,15:51,Snow. Ice fog.,-7
3,18,16:51,Snow. Ice fog.,-7
3,19,17:56,Light snow. Ice fog.,-7
3,20,18:51,Overcast.,-6
3,21,19:51,Mostly cloudy.,-6
3,22,20:51,Overcast.,-6
3,23,21:51,Haze.,-6
3,24,22:51,Passing clouds.,-7
3,25,23:51,Clear.,-7
3,1,"00:51Fri, 6 Mar",Cold.,-8
3,2,01:51,Clear.,-9
3,3,02:51,Clear.,-1
3,4,03:51,Clear.,-1
3,5,04:51,Clear.,-1
3,6,05:51,Clear.,-1
3,7,06:51,Sunny.,-1
3,8,07:51,Sunny.,-1
3,9,08:51,Sunny.,-9
3,10,09:51,Sunny.,-8
3,11,10:51,Sunny.,-7
3,12,11:51,Sunny.,-4
3,13,12:51,Sunny.,-5
3,14,13:51,Sunny.,-4
3,15,14:51,Sunny.,-4
3,16,15:51,Sunny.,-3
3,17,16:51,Sunny.,-3
3,18,17:51,Sunny.,-4
3,19,18:51,Clear.,-4
3,20,19:51,Clear.,-5
3,21,20:51,Clear.,-5
3,22,21:51,Clear.,-6
3,23,22:51,Clear.,-6
3,24,23:51,Clear.,-6
3,1,"00:51Sat, 7 Mar",Clear.,-7
3,2,01:51,Clear.,-7
3,3,02:51,Clear.,-7
3,4,03:51,Clear.,-7
3,5,04:51,Clear.,-7
3,6,05:51,Clear.,-8
3,7,06:51,Sunny.,-8
3,8,07:51,Sunny.,-7
3,9,08:51,Sunny.,-5
3,10,09:51,Sunny.,-4
3,11,10:51,Sunny.,-2
3,12,11:51,Sunny.,0
3,13,12:51,Sunny.,1
3,14,13:51,Partly sunny.,2
3,15,14:51,Overcast.,2
3,16,15:51,Partly sunny.,3
3,17,16:51,Mostly cloudy.,3
3,18,17:51,Passing clouds.,3
3,19,18:51,Broken clouds.,3
3,20,19:51,Clear.,3
3,21,20:51,Mostly cloudy.,3
3,22,21:51,Passing clouds.,3
3,23,22:51,Overcast.,3
3,24,23:51,Overcast.,3
3,1,"00:51Sun, 8 Mar",Overcast.,3
3,2,01:51,Overcast.,4
3,3,03:51,Partly cloudy.,3
3,4,04:51,Mostly cloudy.,4
3,5,05:51,Overcast.,4
3,6,06:51,Passing clouds.,3
3,7,07:51,Overcast.,3
3,8,08:51,Overcast.,4
3,9,09:51,Partly sunny.,5
3,10,10:51,Passing clouds.,6
3,11,11:51,Sunny.,9
3,12,12:51,Scattered clouds.,9
3,13,13:51,Overcast.,6
3,14,14:51,Partly sunny.,7
3,15,15:51,Partly sunny.,8
3,16,16:51,Scattered clouds.,7
3,17,17:51,Sunny.,8
3,18,18:51,Sunny.,8
3,19,19:51,Sunny.,7
3,20,20:51,Clear.,7
3,21,21:51,Clear.,7
3,22,22:51,Clear.,7
3,23,23:51,Clear.,6
3,1,"00:51Mon, 9 Mar",Clear.,6
3,2,01:51,Clear.,5
3,3,02:51,Clear.,5
3,4,03:51,Clear.,6
3,5,04:51,Mostly cloudy.,6
3,6,05:51,Overcast.,6
3,7,06:51,Light rain. Mostly cloudy.,6
3,8,07:51,Overcast.,6
3,9,08:51,Overcast.,7
3,10,09:51,Overcast.,7
3,11,10:51,Sunny.,8
3,12,11:51,Sunny.,9
3,13,12:51,Sunny.,1
3,14,13:51,Sunny.,1
3,15,14:51,Sunny.,1
3,16,15:51,Sunny.,1
3,17,16:51,Sunny.,1
3,18,17:51,Sunny.,1
3,19,18:51,Sunny.,1
3,20,19:51,Sunny.,1
3,21,20:51,Clear.,9
3,22,21:51,Clear.,9
3,23,22:51,Clear.,9
3,24,23:51,Clear.,9
3,1,"00:51Tue, 10 Mar",Clear.,8
3,2,01:51,Clear.,8
3,3,02:51,Clear.,8
3,4,03:51,Clear.,7
3,5,04:51,Clear.,6
3,6,05:51,Clear.,6
3,7,06:51,Clear.,5
3,8,07:51,Clear.,5
3,9,08:51,Sunny.,7
3,10,09:51,Sunny.,9
3,11,10:51,Sunny.,9
3,12,11:51,Sunny.,1
3,13,12:51,Sunny.,1
3,14,13:51,Sunny.,1
3,15,14:51,Partly sunny.,1
3,16,15:51,Overcast.,1
3,17,16:51,Light rain. Mostly cloudy.,1
3,18,18:03,Light rain. Mostly cloudy.,9
3,19,18:51,Light rain. Fog.,7
3,20,19:51,Light rain. Fog.,7
3,21,20:51,Light rain. Fog.,7
3,22,21:51,Rain. Fog.,7
3,23,22:51,Rain. Fog.,7
3,24,23:51,Light rain. Fog.,7
3,1,"00:51Wed, 11 Mar",Fog.,8
3,2,01:00,Fog.,8
3,3,01:51,Fog.,8
3,4,02:51,Fog.,7
3,5,03:01,Fog.,7
3,6,03:51,Fog.,7
3,7,04:51,Fog.,7
3,8,05:51,Fog.,7
3,9,06:51,Clear.,7
3,10,07:51,Passing clouds.,7
3,11,08:51,Partly sunny.,8
3,12,09:02,Scattered clouds.,8
3,13,09:51,Sunny.,8
3,14,10:51,Sunny.,9
3,15,11:51,Sunny.,1
3,16,12:51,Sunny.,1
3,17,13:51,Sunny.,1
3,18,14:51,Sunny.,1
3,19,15:51,Sunny.,1
3,20,16:51,Sunny.,1
3,21,17:51,Sunny.,1
3,22,18:51,Sunny.,1
3,23,19:51,Sunny.,1
3,24,20:51,Clear.,1
3,25,21:51,Clear.,1
3,26,22:51,Clear.,1
3,27,23:51,Clear.,9
3,1,"00:51Thu, 12 Mar",Clear.,8
3,2,01:51,Clear.,8
3,3,02:51,Clear.,7
3,4,03:51,Clear.,7
3,5,04:51,Clear.,6
3,6,05:51,Clear.,6
3,7,06:51,Clear.,6
3,8,07:51,Clear.,4
3,9,08:51,Sunny.,5
3,10,09:51,Sunny.,5
3,11,10:51,Sunny.,6
3,12,11:51,Sunny.,7
3,13,12:51,Sunny.,7
3,14,13:51,Sunny.,8
3,15,14:51,Sunny.,8
3,16,15:51,Sunny.,8
3,17,16:51,Sunny.,8
3,18,17:51,Sunny.,8
3,19,18:51,Sunny.,7
3,20,19:51,Sunny.,6
3,21,20:51,Clear.,5
3,22,21:51,Clear.,4
3,23,22:51,Clear.,4
3,24,23:51,Clear.,3
3,1,"00:51Fri, 13 Mar",Clear.,2
3,2,01:51,Clear.,2
3,3,02:51,Clear.,2
3,4,03:51,Clear.,1
3,5,04:51,Clear.,1
3,6,05:51,Clear.,0
3,7,06:51,Clear.,0
3,8,07:51,Clear.,0
3,9,08:51,Sunny.,2
3,10,09:51,Sunny.,3
3,11,10:51,Sunny.,3
3,12,11:51,Sunny.,5
3,13,12:51,Sunny.,6
3,14,13:51,Sunny.,5
3,15,14:51,Sunny.,5
3,16,15:51,Sunny.,6
3,17,16:51,Sunny.,5
3,18,17:51,Sunny.,4
3,19,18:51,Sunny.,4
3,20,19:51,Sunny.,4
3,21,20:51,Clear.,4
3,22,21:51,Clear.,4
3,23,22:51,Clear.,4
3,24,23:51,Passing clouds.,6
3,1,"00:51Sat, 14 Mar",Overcast.,6
3,2,01:51,Mostly cloudy.,6
3,3,02:51,Mostly cloudy.,6
3,4,03:51,Light rain. Overcast.,5
3,5,04:51,Light rain. Overcast.,5
3,6,05:51,Light rain. Fog.,4
3,7,06:51,Light rain. Fog.,6
3,8,07:51,Light rain. Fog.,6
3,9,08:51,Rain. Fog.,7
3,10,09:04,Light rain. Fog.,7
3,11,09:51,Light rain. Fog.,7
3,12,10:51,Light rain. Fog.,7
3,13,11:51,Light rain. Fog.,7
3,14,12:51,Light rain. Fog.,8
3,15,13:51,Fog.,8
3,16,14:51,Fog.,9
3,17,16:02,Mostly cloudy.,1
3,18,16:51,Light rain. Fog.,9
3,19,17:51,Overcast.,9
3,20,18:51,Mostly cloudy.,8
3,21,19:51,More clouds than sun.,8
3,22,20:51,Light rain. Fog.,8
3,23,21:51,Light rain. Fog.,7
3,24,22:51,Mostly cloudy.,7
3,25,23:51,Overcast.,7
3,1,"00:51Sun, 15 Mar",Passing clouds.,7
3,2,01:03,Passing clouds.,7
3,3,01:51,Passing clouds.,7
3,4,02:51,Passing clouds.,7
3,5,03:51,Overcast.,6
3,6,04:51,Overcast.,6
3,7,05:51,Mostly cloudy.,6
3,8,06:51,Overcast.,6
3,9,07:51,Overcast.,5
3,10,08:51,Overcast.,6
3,11,09:51,Overcast.,6
3,12,10:51,Overcast.,6
3,13,11:51,Overcast.,5
3,14,12:51,Overcast.,6
3,15,13:51,Mostly cloudy.,6
3,16,14:51,Overcast.,6
3,17,15:51,Overcast.,6
3,18,16:51,Overcast.,5
3,19,17:51,Overcast.,4
3,20,18:51,Overcast.,4
3,21,19:51,Broken clouds.,4
3,22,20:51,Overcast.,4
3,23,21:51,Passing clouds.,3
3,24,22:51,Overcast.,3
3,25,23:51,Clear.,3
3,1,"00:51Mon, 16 Mar",Passing clouds.,2
3,2,01:51,Overcast.,2
3,3,02:51,Passing clouds.,2
3,4,03:51,Clear.,2
3,5,04:51,Clear.,2
3,6,05:51,Clear.,2
3,7,06:51,Clear.,2
3,8,07:51,Clear.,2
3,9,08:51,Sunny.,3
3,10,09:51,Sunny.,3
3,11,10:51,Passing clouds.,4
3,12,11:51,Passing clouds.,5
3,13,12:51,Sunny.,6
3,14,13:51,Sunny.,7
3,15,14:51,Sunny.,9
3,16,15:51,Sunny.,1
3,17,16:51,Sunny.,1
3,18,17:51,Sunny.,1
3,19,18:51,Sunny.,9
3,20,19:51,Sunny.,9
3,21,20:51,Clear.,9
3,22,21:51,Clear.,1
3,23,22:51,Clear.,1
3,24,23:51,Passing clouds.,1
3,1,"00:51Tue, 17 Mar",Mostly cloudy.,1
3,2,01:51,Overcast.,1
3,3,02:51,Overcast.,1
3,4,03:51,Mostly cloudy.,9
3,5,04:51,Light rain. Mostly cloudy.,9
3,6,05:51,Mostly cloudy.,1
3,7,06:51,Overcast.,9
3,8,07:51,Light rain. Mostly cloudy.,9
3,9,08:51,Light rain. Overcast.,9
3,10,09:51,Partly sunny.,1
3,11,10:51,Scattered clouds.,1
3,12,11:51,Sunny.,1
3,13,12:51,Partly sunny.,1
3,14,13:51,Partly sunny.,1
3,15,14:51,Mostly cloudy.,1
3,16,15:51,Mostly cloudy.,1
3,17,16:51,Partly sunny.,9
3,18,17:51,Passing clouds.,7
3,19,18:51,Sunny.,5
3,20,19:51,Sunny.,3
3,21,20:51,Clear.,3
3,22,21:51,Clear.,2
3,23,22:51,Clear.,2
3,24,23:51,Clear.,1
3,1,"00:51Wed, 18 Mar",Passing clouds.,1
3,2,01:51,Overcast.,1
3,3,02:51,Passing clouds.,0
3,4,03:51,Clear.,0
3,5,04:51,Clear.,0
3,6,05:51,Clear.,-1
3,7,06:51,Clear.,-1
3,8,07:51,Passing clouds.,-1
3,9,08:51,Mostly cloudy.,-1
3,10,09:51,Mostly cloudy.,-1
3,11,10:51,Overcast.,0
3,12,11:51,Partly sunny.,1
3,13,12:51,Partly sunny.,2
3,14,13:51,Partly sunny.,2
3,15,14:51,Overcast.,2
3,16,15:51,Partly sunny.,4
3,17,16:51,Partly sunny.,3
3,18,17:51,Sunny.,3
3,19,18:51,Sunny.,2
3,20,19:51,Sunny.,2
3,21,20:51,Clear.,1
3,22,21:51,Clear.,0
3,23,22:51,Clear.,-1
3,24,23:51,Clear.,-1
3,1,"00:51Thu, 19 Mar",Partly cloudy.,-1
3,2,01:51,Mostly cloudy.,-1
3,3,02:51,Clear.,-1
3,4,03:51,Clear.,-1
3,5,04:51,Clear.,-1
3,6,05:51,Clear.,-1
3,7,06:51,Clear.,-2
3,8,07:51,Clear.,-2
3,9,08:51,Sunny.,-1
3,10,09:51,Sunny.,-1
3,11,10:51,Sunny.,1
3,12,11:51,Sunny.,2
3,13,12:51,Sunny.,3
3,14,13:51,Sunny.,3
3,15,14:51,Sunny.,5
3,16,15:51,Sunny.,5
3,17,16:51,Sunny.,6
3,18,17:51,Sunny.,6
3,19,18:51,Sunny.,4
3,20,19:51,Sunny.,4
3,21,20:51,Clear.,4
3,22,21:51,Clear.,4
3,23,22:51,Clear.,3
3,24,23:51,Clear.,3
3,1,"00:51Fri, 20 Mar",Clear.,2
3,2,01:51,Clear.,2
3,3,02:51,Clear.,1
3,4,03:51,Clear.,2
3,5,04:51,Clear.,1
3,6,05:51,Clear.,1
3,7,06:51,Passing clouds.,1
3,8,07:51,Overcast.,1
3,9,08:51,Overcast.,1
3,10,09:51,Mostly cloudy.,2
3,11,10:51,Overcast.,3
3,12,11:51,Overcast.,3
3,13,12:51,Light snow. Cloudy.,2
3,14,13:51,Heavy snow. Mostly cloudy.,1
3,15,14:51,Snow. Fog.,0
3,16,15:51,Snow. Fog.,0
3,17,16:51,Snow. Ice fog.,-1
3,18,18:51,Snow. Ice fog.,-1
3,19,19:51,Light snow. Ice fog.,-1
3,20,20:51,Light snow. Ice fog.,-1
3,21,21:51,Light snow. Ice fog.,-1
3,22,22:51,Ice fog.,-2
3,23,23:51,Ice fog.,-2
3,1,"00:51Sat, 21 Mar",Ice fog.,-2
3,2,01:51,Ice fog.,-2
3,3,02:51,Ice fog.,-2
3,4,03:51,Ice fog.,-2
3,5,04:51,Ice fog.,-2
3,6,05:03,Ice fog.,-2
3,7,06:00,Ice fog.,-2
3,8,06:51,Ice fog.,-2
3,9,07:51,Ice fog.,-2
3,10,08:51,Ice fog.,-1
3,11,09:51,Overcast.,1
3,12,10:51,Passing clouds.,2
3,13,11:51,Sunny.,3
3,14,12:51,Mostly cloudy.,4
3,15,13:51,Overcast.,4
3,16,14:51,Overcast.,5
3,17,15:51,Overcast.,6
3,18,16:51,More clouds than sun.,6
3,19,17:51,Sunny.,7
3,20,18:51,Sunny.,7
3,21,19:51,Partly sunny.,7
3,22,20:51,Overcast.,8
3,23,21:51,Overcast.,8
3,24,22:51,Passing clouds.,8
3,25,23:51,Clear.,7
3,1,"00:51Sun, 22 Mar",Clear.,6
3,2,01:51,Clear.,6
3,3,02:51,Clear.,4
3,4,03:51,Passing clouds.,3
3,5,04:51,Clear.,3
3,6,05:51,Passing clouds.,2
3,7,06:51,Passing clouds.,1
3,8,07:51,Clear.,0
3,9,08:51,Sunny.,1
3,10,09:51,Sunny.,1
3,11,10:51,Sunny.,2
3,12,11:51,Sunny.,3
3,13,12:51,Sunny.,4
3,14,13:51,Sunny.,4
3,15,14:51,Sunny.,5
3,16,15:51,Sunny.,5
3,17,16:51,Sunny.,4
3,18,17:51,Sunny.,4
3,19,18:51,Sunny.,3
3,20,19:51,Sunny.,2
3,21,20:51,Clear.,1
3,22,21:51,Clear.,0
3,23,22:51,Clear.,-1
3,24,23:51,Clear.,-2
3,1,"00:51Mon, 23 Mar",Clear.,-2
3,2,01:51,Clear.,-3
3,3,02:51,Clear.,-3
3,4,03:51,Clear.,-4
3,5,04:51,Clear.,-4
3,6,05:51,Clear.,-4
3,7,06:51,Clear.,-5
3,8,07:51,Clear.,-5
3,9,08:51,Sunny.,-4
3,10,09:51,Sunny.,-3
3,11,10:51,Sunny.,-2
3,12,11:51,Sunny.,0
3,13,12:51,Sunny.,1
3,14,13:51,Sunny.,2
3,15,14:51,Sunny.,3
3,16,15:51,Sunny.,3
3,17,16:51,Sunny.,3
3,18,17:51,Sunny.,3
3,19,18:51,Sunny.,2
3,20,19:51,Sunny.,1
3,21,20:51,Clear.,1
3,22,21:51,Clear.,1
3,23,22:51,Clear.,0
3,24,23:51,Clear.,-1
3,1,"00:51Tue, 24 Mar",Passing clouds.,-1
3,2,01:51,Overcast.,-1
3,3,02:51,Overcast.,-1
3,4,03:51,Overcast.,-2
3,5,04:51,Overcast.,-2
3,6,05:51,Passing clouds.,-3
3,7,06:51,Clear.,-3
3,8,07:51,Passing clouds.,-3
3,9,08:51,Sunny.,-3
3,10,09:51,Sunny.,-1
3,11,10:51,Sunny.,0
3,12,11:51,Sunny.,1
3,13,12:51,Passing clouds.,2
3,14,13:51,Overcast.,4
3,15,14:51,Sunny.,6
3,16,15:51,Sunny.,6
3,17,16:51,Sunny.,7
3,18,17:51,Sunny.,7
3,19,18:51,Sunny.,6
3,20,19:51,Sunny.,5
3,21,20:51,Clear.,4
3,22,21:51,Clear.,4
3,23,22:51,Clear.,4
3,24,23:51,Clear.,3
3,1,"00:51Wed, 25 Mar",Clear.,3
3,2,01:51,Clear.,3
3,3,02:51,Clear.,2
3,4,03:51,Clear.,2
3,5,04:51,Clear.,2
3,6,05:51,Clear.,1
3,7,06:51,Clear.,2
3,8,07:51,Sunny.,2
3,9,08:51,Sunny.,4
3,10,09:51,Sunny.,7
3,11,10:51,Sunny.,8
3,12,11:51,Sunny.,8
3,13,12:51,Sunny.,8
3,14,13:51,Sunny.,7
3,15,14:51,Overcast.,6
3,16,15:51,Light rain. Mostly cloudy.,4
3,17,16:51,Overcast.,4
3,18,17:51,Overcast.,4
3,19,18:51,Overcast.,5
3,20,19:51,Light rain. Overcast.,5
3,21,21:01,Overcast.,5
3,22,21:51,Overcast.,6
3,23,22:51,Fog.,6
3,24,23:51,Fog.,6
3,1,"00:51Thu, 26 Mar",Fog.,6
3,2,01:51,Fog.,6
3,3,02:51,Fog.,6
3,4,03:51,Fog.,6
3,5,04:51,Mostly cloudy.,7
3,6,05:51,Fog.,7
3,7,06:51,Overcast.,8
3,8,07:51,Overcast.,8
3,9,08:51,Overcast.,8
3,10,09:51,Light rain. Overcast.,8
3,11,10:51,Overcast.,9
3,12,11:51,Low clouds.,9
3,13,12:04,Light rain. Fog.,9
3,14,13:02,Light rain. Fog.,1
3,15,14:01,Fog.,1
3,16,14:51,Fog.,1
3,17,15:51,Fog.,1
3,18,16:51,Fog.,1
3,19,17:51,Fog.,1
3,20,19:00,Broken clouds.,1
3,21,19:51,Mostly cloudy.,1
3,22,20:51,Mostly cloudy.,1
3,23,21:03,Mostly cloudy.,1
3,24,21:51,Light rain. Fog.,1
3,25,22:04,Rain. Fog.,1
3,26,22:51,Rain. Fog.,8
3,27,23:59,Light rain. Overcast.,7
3,1,"00:51Fri, 27 Mar",Light rain. Mostly cloudy.,6
3,2,01:51,Light rain. Overcast.,6
3,3,02:51,Mostly cloudy.,6
3,4,03:51,Light rain. Fog.,6
3,5,04:51,Light rain. Fog.,6
3,6,05:59,Light rain. Fog.,4
3,7,07:01,Light rain. Mostly cloudy.,4
3,8,07:51,Mostly cloudy.,4
3,9,08:51,Overcast.,4
3,10,09:51,Mostly cloudy.,4
3,11,10:51,Cloudy.,5
3,12,11:51,Overcast.,6
3,13,12:51,Overcast.,7
3,14,13:58,Mostly cloudy.,7
3,15,14:51,Overcast.,7
3,16,15:51,Overcast.,7
3,17,16:51,Overcast.,7
3,18,17:51,Overcast.,7
3,19,18:51,Overcast.,7
3,20,19:51,Overcast.,7
3,21,20:51,Overcast.,6
3,22,21:51,Overcast.,6
3,23,22:51,Overcast.,6
3,24,23:51,Overcast.,5
3,1,"00:51Sat, 28 Mar",Passing clouds.,4
3,2,01:51,Overcast.,4
3,3,02:51,Overcast.,3
3,4,03:51,Mostly cloudy.,3
3,5,04:51,Passing clouds.,2
3,6,05:51,Overcast.,2
3,7,06:51,Overcast.,2
3,8,07:51,Mostly cloudy.,1
3,9,08:51,Overcast.,1
3,10,09:51,Overcast.,1
3,11,10:51,Overcast.,1
3,12,11:51,Light snow. Overcast.,1
3,13,12:03,Light snow. More clouds than sun.,1
3,14,12:51,More clouds than sun.,1
3,15,13:51,Overcast.,3
3,16,14:51,Overcast.,3
3,17,15:51,More clouds than sun.,4
3,18,16:51,Overcast.,4
3,19,17:51,Mostly cloudy.,3
3,20,18:51,Mostly cloudy.,2
3,21,19:51,Overcast.,1
3,22,20:51,Mostly cloudy.,-1
3,23,21:51,Overcast.,-1
3,24,22:51,Overcast.,-2
3,25,23:51,Overcast.,-3
3,1,"00:51Sun, 29 Mar",Overcast.,-3
3,2,01:51,Mostly cloudy.,-3
3,3,02:51,Overcast.,-3
3,4,03:51,Mostly cloudy.,-3
3,5,04:51,Overcast.,-3
3,6,05:51,Overcast.,-3
3,7,06:51,Overcast.,-4
3,8,07:51,Overcast.,-3
3,9,08:51,Passing clouds.,-3
3,10,09:51,Sunny.,-1
3,11,10:51,Sunny.,1
3,12,11:51,Sunny.,3
3,13,12:51,Sunny.,4
3,14,13:51,Sunny.,4
3,15,14:51,Sunny.,7
3,16,15:51,Sunny.,7
3,17,16:51,Sunny.,7
3,18,17:51,Sunny.,8
3,19,18:51,Sunny.,7
3,20,19:51,Sunny.,7
3,21,20:51,Clear.,4
3,22,21:51,Clear.,6
3,23,22:51,Clear.,5
3,24,23:51,Clear.,4
3,1,"00:51Mon, 30 Mar",Clear.,4
3,2,01:51,Clear.,4
3,3,02:51,Passing clouds.,4
3,4,03:51,Passing clouds.,4
3,5,04:51,Mostly cloudy.,4
3,6,05:51,Mostly cloudy.,4
3,7,06:51,Light snow. Overcast.,2
3,8,07:51,Overcast.,4
3,9,08:51,Mostly cloudy.,3
3,10,09:51,Overcast.,4
3,11,10:51,Overcast.,4
3,12,11:51,Cloudy.,6
3,13,12:51,Sunny.,8
3,14,13:51,Scattered clouds.,1
3,15,14:51,Scattered clouds.,1
3,16,15:51,Overcast.,1
3,17,16:51,Overcast.,1
3,18,17:51,Mostly cloudy.,1
3,19,18:51,Passing clouds.,1
3,20,19:51,Passing clouds.,1
3,21,20:51,Clear.,1
3,22,21:51,Passing clouds.,8
3,23,22:51,Passing clouds.,7
3,24,23:51,Passing clouds.,7
3,1,"00:51Tue, 31 Mar",Overcast.,7
3,2,01:51,Passing clouds.,6
3,3,02:51,Partly cloudy.,6
3,4,03:51,Clear.,6
3,5,04:51,Passing clouds.,6
3,6,05:51,Clear.,5
3,7,06:51,Clear.,4
3,8,07:51,Sunny.,4
3,9,08:51,Sunny.,5
3,10,09:51,Sunny.,7
3,11,10:51,Passing clouds.,7
3,12,11:51,Partly sunny.,8
3,13,12:51,Overcast.,8
3,14,13:51,Light rain. Mostly cloudy.,5
3,15,14:51,Light rain. Mostly cloudy.,4
3,16,15:51,Light rain. Low clouds.,3
3,17,16:51,Low clouds.,4
3,18,17:51,Overcast.,3
3,19,18:51,Light rain. Mostly cloudy.,3
3,20,19:51,Light rain. Overcast.,3
3,21,20:51,Light rain. Fog.,2
3,22,21:51,Overcast.,2
3,23,22:51,Low clouds.,2
3,24,23:51,Passing clouds.,2
4,1,"00:51Wed, 1 Apr",Clear.,2
4,2,01:51,Clear.,2
4,3,02:51,Clear.,2
4,4,03:51,Clear.,1
4,5,04:51,Clear.,1
4,6,05:51,Clear.,0
4,7,06:51,Clear.,0
4,8,07:51,Sunny.,1
4,9,08:51,Sunny.,2
4,10,09:51,Sunny.,2
4,11,10:51,Sunny.,3
4,12,11:51,Scattered clouds.,5
4,13,12:51,Sunny.,7
4,14,13:51,Sunny.,8
4,15,14:51,Sunny.,8
4,16,15:51,Sunny.,1
4,17,16:51,Sunny.,1
4,18,17:51,Sunny.,1
4,19,18:51,Sunny.,1
4,20,19:51,Sunny.,9
4,21,20:51,Clear.,8
4,22,21:51,Clear.,8
4,23,22:51,Clear.,7
4,24,23:51,Clear.,7
4,1,"00:51Thu, 2 Apr",Clear.,7
4,2,01:51,Clear.,6
4,3,02:51,Clear.,6
4,4,03:51,Clear.,6
4,5,04:51,Clear.,6
4,6,05:51,Clear.,6
4,7,06:51,Clear.,7
4,8,07:51,Sunny.,8
4,9,08:51,Sunny.,9
4,10,09:51,Sunny.,1
4,11,10:51,Sunny.,1
4,12,11:51,Sunny.,1
4,13,12:51,Sunny.,1
4,14,13:51,Sunny.,1
4,15,14:51,Sunny.,1
4,16,15:51,Sunny.,1
4,17,16:51,Sunny.,1
4,18,17:51,Sunny.,1
4,19,18:51,Sunny.,1
4,20,19:51,Passing clouds.,1
4,21,20:51,Passing clouds.,1
4,22,21:51,Overcast.,1
4,23,22:51,Clear.,1
4,24,23:51,Clear.,1
4,1,"00:51Fri, 3 Apr",Passing clouds.,1
4,2,01:51,Clear.,1
4,3,02:51,Clear.,1
4,4,03:51,Passing clouds.,1
4,5,04:51,Passing clouds.,1
4,6,05:51,Mostly cloudy.,1
4,7,06:51,Passing clouds.,1
4,8,07:51,Scattered clouds.,1
4,9,08:51,Partly sunny.,1
4,10,09:51,Overcast.,1
4,11,10:51,Light rain. Overcast.,1
4,12,11:51,Light rain. Overcast.,1
4,13,12:51,Light rain. Mostly cloudy.,1
4,14,13:51,Light rain. Mostly cloudy.,1
4,15,14:51,Mostly cloudy.,1
4,16,15:51,Mostly cloudy.,1
4,17,16:51,Mostly cloudy.,1
4,18,17:51,Partly sunny.,1
4,19,19:01,More clouds than sun.,1
4,20,19:51,More clouds than sun.,1
4,21,20:51,Passing clouds.,1
4,22,21:51,Mostly cloudy.,1
4,23,22:51,Low clouds.,1
4,24,23:51,Fog.,1
4,1,"00:59Sat, 4 Apr",Fog.,1
4,2,01:51,Fog.,1
4,3,02:51,Fog.,1
4,4,03:51,Overcast.,1
4,5,04:51,Light rain. Mostly cloudy.,1
4,6,05:51,Mostly cloudy.,1
4,7,06:51,Passing clouds.,8
4,8,07:51,Overcast.,8
4,9,08:51,Sunny.,8
4,10,09:51,Broken clouds.,9
4,11,10:51,Scattered clouds.,1
4,12,11:51,Partly sunny.,9
4,13,12:51,Scattered clouds.,9
4,14,13:51,Sunny.,1
4,15,14:51,Sunny.,1
4,16,15:51,Passing clouds.,1
4,17,16:51,Sunny.,1
4,18,17:51,Passing clouds.,9
4,19,18:51,Sunny.,9
4,20,19:51,Sunny.,8
4,21,20:51,Clear.,8
4,22,21:51,Clear.,7
4,23,22:51,Clear.,7
4,24,23:51,Clear.,6
4,1,"00:51Sun, 5 Apr",Clear.,6
4,2,01:51,Clear.,6
4,3,02:51,Passing clouds.,7
4,4,03:51,Clear.,6
4,5,04:51,Clear.,6
4,6,05:51,Clear.,6
4,7,06:51,Clear.,6
4,8,07:51,Sunny.,6
4,9,08:51,Sunny.,7
4,10,09:51,Sunny.,8
4,11,10:51,Sunny.,1
4,12,11:51,Sunny.,1
4,13,12:51,Scattered clouds.,1
4,14,13:51,Overcast.,1
4,15,14:51,Mostly cloudy.,1
4,16,15:51,Overcast.,1
4,17,16:51,Overcast.,1
4,18,17:51,Overcast.,1
4,19,18:51,Overcast.,1
4,20,19:51,Overcast.,1
4,21,20:51,Overcast.,1
4,22,21:51,Overcast.,1
4,23,22:51,Clear.,9
4,24,23:51,Clear.,8
4,1,"00:51Mon, 6 Apr",Clear.,8
4,2,01:51,Clear.,8
4,3,02:51,Clear.,7
4,4,03:51,Clear.,7
4,5,04:51,Clear.,7
4,6,05:51,Clear.,7
4,7,06:51,Clear.,6
4,8,07:51,Sunny.,6
4,9,08:51,Sunny.,7
4,10,09:51,Sunny.,8
4,11,10:51,Sunny.,1
4,12,11:51,Sunny.,1
4,13,12:51,Sunny.,1
4,14,13:51,Sunny.,1
4,15,14:51,Sunny.,1
4,16,15:51,Sunny.,1
4,17,16:51,Sunny.,1
4,18,17:51,Sunny.,1
4,19,18:51,Sunny.,1
4,20,19:51,Sunny.,1
4,21,20:51,Clear.,1
4,22,21:51,Clear.,1
4,23,22:51,Clear.,1
4,24,23:51,Passing clouds.,1
4,1,"00:51Tue, 7 Apr",Overcast.,1
4,2,01:51,Passing clouds.,1
4,3,02:51,Passing clouds.,1
4,4,03:51,Overcast.,1
4,5,04:51,Overcast.,1
4,6,05:51,Mostly cloudy.,1
4,7,06:51,Overcast.,1
4,8,07:51,Overcast.,1
4,9,08:51,Overcast.,1
4,10,09:51,Overcast.,1
4,11,10:51,Overcast.,1
4,12,11:51,Overcast.,1
4,13,12:51,Overcast.,1
4,14,13:51,Overcast.,1
4,15,14:51,More clouds than sun.,1
4,16,15:02,Mostly cloudy.,1
4,17,15:51,Overcast.,1
4,18,16:51,Mostly cloudy.,9
4,19,17:51,Mostly cloudy.,8
4,20,18:59,Light rain. Fog.,8
4,21,19:51,Light rain. Fog.,7
4,22,20:51,Fog.,7
4,23,21:51,Low clouds.,6
4,24,22:51,Light rain. Fog.,6
4,25,23:51,Light rain. Fog.,6
4,1,"00:51Wed, 8 Apr",Low clouds.,6
4,2,01:51,Low clouds.,6
4,3,03:01,Mostly cloudy.,5
4,4,04:02,Mostly cloudy.,5
4,5,04:51,Overcast.,5
4,6,05:51,Overcast.,5
4,7,06:51,Overcast.,5
4,8,07:51,Overcast.,5
4,9,08:51,Overcast.,5
4,10,09:51,Overcast.,6
4,11,10:51,Overcast.,6
4,12,11:51,Overcast.,6
4,13,12:51,Overcast.,6
4,14,13:51,Overcast.,6
4,15,14:51,Overcast.,6
4,16,15:51,Overcast.,7
4,17,16:51,Overcast.,7
4,18,17:51,Overcast.,7
4,19,18:51,Overcast.,7
4,20,19:51,Overcast.,5
4,21,20:51,Overcast.,4
4,22,21:51,Overcast.,3
4,23,22:51,Low clouds.,3
4,24,23:51,Fog.,3
4,1,"00:51Thu, 9 Apr",Fog.,3
4,2,01:51,Fog.,3
4,3,02:51,Low clouds.,3
4,4,03:51,Low clouds.,3
4,5,04:51,Low clouds.,3
4,6,05:51,Low clouds.,3
4,7,06:51,Low clouds.,3
4,8,07:51,Low clouds.,3
4,9,08:51,Low clouds.,3
4,10,09:51,Overcast.,3
4,11,10:51,Low clouds.,3
4,12,11:51,Overcast.,4
4,13,12:51,Overcast.,4
4,14,13:51,Overcast.,4
4,15,14:51,Overcast.,5
4,16,15:51,Overcast.,5
4,17,16:51,Overcast.,6
4,18,17:51,Overcast.,6
4,19,19:00,Overcast.,6
4,20,19:51,Overcast.,6
4,21,20:51,Fog.,5
4,22,20:59,Fog.,5
4,23,21:51,Fog.,5
4,24,22:51,Low clouds.,5
4,25,23:51,Fog.,5
4,1,"00:51Fri, 10 Apr",Fog.,4
4,2,01:51,Low clouds.,4
4,3,02:51,Low clouds.,4
4,4,03:51,Low clouds.,4
4,5,04:51,Light rain. Low clouds.,4
4,6,05:51,Light rain. Fog.,4
4,7,06:51,Fog.,4
4,8,07:51,Fog.,4
4,9,08:51,Fog.,4
4,10,09:51,Fog.,6
4,11,10:03,Fog.,6
4,12,10:51,Fog.,6
4,13,12:01,Fog.,8
4,14,12:51,Fog.,8
4,15,13:51,Fog.,1
4,16,14:51,Fog.,1
4,17,15:51,Fog.,1
4,18,16:51,Overcast.,1
4,19,17:51,Overcast.,1
4,20,18:51,Partly sunny.,1
4,21,19:51,Partly sunny.,1
4,22,20:51,Overcast.,1
4,23,21:51,Passing clouds.,1
4,24,22:51,Clear.,1
4,25,23:51,Clear.,1
4,1,"00:51Sat, 11 Apr",Clear.,1
4,2,01:51,Clear.,1
4,3,02:51,Clear.,1
4,4,03:51,Clear.,1
4,5,04:51,Clear.,1
4,6,05:51,Clear.,1
4,7,06:51,Clear.,1
4,8,07:51,Sunny.,1
4,9,08:51,Passing clouds.,1
4,10,09:51,Sunny.,1
4,11,10:51,Sunny.,1
4,12,11:51,Scattered clouds.,1
4,13,12:51,Passing clouds.,1
4,14,13:51,Sunny.,1
4,15,14:51,Sunny.,1
4,16,15:51,Sunny.,1
4,17,16:51,Sunny.,1
4,18,17:51,Sunny.,1
4,19,18:51,Sunny.,1
4,20,19:51,Sunny.,1
4,21,20:51,Clear.,9
4,22,21:51,Clear.,8
4,23,22:51,Clear.,8
4,24,23:51,Clear.,7
4,1,"00:51Sun, 12 Apr",Clear.,7
4,2,01:51,Clear.,7
4,3,02:51,Clear.,7
4,4,03:51,Clear.,7
4,5,04:51,Clear.,6
4,6,05:51,Clear.,7
4,7,06:51,Clear.,6
4,8,07:51,Sunny.,7
4,9,08:51,Sunny.,8
4,10,09:51,Sunny.,1
4,11,10:51,Sunny.,1
4,12,11:51,Sunny.,1
4,13,12:51,Sunny.,1
4,14,13:51,Sunny.,1
4,15,14:51,Sunny.,1
4,16,15:51,Sunny.,1
4,17,16:51,Sunny.,1
4,18,17:51,Sunny.,1
4,19,18:51,Sunny.,1
4,20,19:51,Sunny.,1
4,21,20:51,Clear.,1
4,22,21:51,Clear.,1
4,23,22:51,Clear.,1
4,24,23:51,Clear.,1
4,1,"00:51Mon, 13 Apr",Clear.,1
4,2,01:51,Clear.,1
4,3,02:51,Clear.,1
4,4,03:51,Clear.,1
4,5,04:51,Clear.,1
4,6,05:51,Clear.,1
4,7,06:51,Clear.,1
4,8,07:51,Sunny.,1
4,9,08:51,Sunny.,1
4,10,09:51,Sunny.,1
4,11,10:51,Sunny.,1
4,12,11:51,Sunny.,1
4,13,12:51,Sunny.,1
4,14,13:51,Sunny.,1
4,15,14:51,Sunny.,1
4,16,15:51,Sunny.,2
4,17,16:51,Sunny.,1
4,18,17:51,Sunny.,1
4,19,18:51,Sunny.,1
4,20,19:51,Sunny.,1
4,21,20:51,Clear.,1
4,22,21:51,Clear.,1
4,23,22:51,Clear.,1
4,24,23:51,Clear.,1
4,1,"00:51Tue, 14 Apr",Clear.,1
4,2,01:51,Clear.,1
4,3,02:51,Clear.,1
4,4,03:51,Clear.,1
4,5,04:51,Overcast.,1
4,6,05:51,Mostly cloudy.,1
4,7,06:51,Mostly cloudy.,1
4,8,07:51,More clouds than sun.,1
4,9,08:51,Overcast.,1
4,10,09:51,Overcast.,1
4,11,10:51,Overcast.,1
4,12,11:51,Overcast.,1
4,13,12:51,Overcast.,1
4,14,13:51,Overcast.,1
4,15,14:51,Overcast.,1
4,16,15:51,Partly sunny.,1
4,17,16:51,Scattered clouds.,1
4,18,17:51,Sunny.,1
4,19,18:51,Sunny.,1
4,20,19:51,Sunny.,1
4,21,20:51,Passing clouds.,1
4,22,21:51,Passing clouds.,1
4,23,22:51,Clear.,1
4,24,23:51,Clear.,1
4,1,"00:51Wed, 15 Apr",Clear.,1
4,2,01:51,Clear.,1
4,3,02:51,Clear.,1
4,4,03:51,Clear.,1
4,5,04:51,Clear.,1
4,6,05:51,Clear.,1
4,7,06:51,Clear.,1
4,8,07:51,Sunny.,1
4,9,08:51,Sunny.,1
4,10,09:51,Sunny.,1
4,11,10:51,Sunny.,1
4,12,11:51,Sunny.,1
4,13,12:51,Sunny.,2
4,14,13:51,Sunny.,2
4,15,14:51,Sunny.,2
4,16,15:51,Sunny.,2
4,17,16:51,Sunny.,2
4,18,17:51,Sunny.,2
4,19,18:51,Sunny.,2
4,20,19:51,Sunny.,1
4,21,20:51,Clear.,1
4,22,21:51,Clear.,1
4,23,22:51,Clear.,1
4,24,23:51,Clear.,1
4,1,"00:51Thu, 16 Apr",Clear.,1
4,2,01:51,Clear.,1
4,3,02:51,Clear.,1
4,4,03:51,Clear.,1
4,5,04:51,Clear.,1
4,6,05:51,Clear.,1
4,7,06:51,Clear.,1
4,8,07:51,Sunny.,1
4,9,08:51,Sunny.,1
4,10,09:51,Sunny.,1
4,11,10:51,Sunny.,1
4,12,11:51,Sunny.,1
4,13,12:51,Sunny.,1
4,14,13:51,Sunny.,1
4,15,14:51,Sunny.,1
4,16,15:51,Sunny.,1
4,17,16:51,Sunny.,1
4,18,17:51,Sunny.,1
4,19,18:51,Sunny.,1
4,20,19:51,Sunny.,1
4,21,20:51,Clear.,1
4,22,21:51,Clear.,1
4,23,22:51,Clear.,1
4,24,23:51,Clear.,1
4,1,"00:51Fri, 17 Apr",Clear.,1
4,2,01:51,Passing clouds.,1
4,3,02:51,Overcast.,1
4,4,03:51,Light rain. Mostly cloudy.,1
4,5,04:51,Light rain. Overcast.,1
4,6,05:51,Light rain. Mostly cloudy.,1
4,7,06:51,Overcast.,1
4,8,07:51,Overcast.,1
4,9,08:51,Mostly cloudy.,1
4,10,09:51,Low clouds.,1
4,11,10:51,Low clouds.,1
4,12,11:51,Overcast.,1
4,13,12:51,Mostly cloudy.,1
4,14,13:51,Overcast.,1
4,15,15:00,Broken clouds.,1
4,16,15:51,Scattered clouds.,2
4,17,16:51,Scattered clouds.,2
4,18,17:51,Passing clouds.,2
4,19,18:51,Broken clouds.,2
4,20,19:51,Mostly cloudy.,2
4,21,20:51,Passing clouds.,2
4,22,21:51,Clear.,1
4,23,22:51,Passing clouds.,1
4,24,23:51,Passing clouds.,1
4,1,"00:51Sat, 18 Apr",Clear.,1
4,2,01:51,Clear.,1
4,3,02:51,Passing clouds.,1
4,4,03:51,Clear.,1
4,5,04:51,Clear.,1
4,6,05:51,Clear.,1
4,7,06:51,Clear.,1
4,8,07:51,Sunny.,1
4,9,08:51,Sunny.,1
4,10,09:51,Sunny.,1
4,11,10:51,Sunny.,2
4,12,11:51,Sunny.,2
4,13,12:51,Sunny.,2
4,14,13:51,Sunny.,2
4,15,14:51,Passing clouds.,2
4,16,15:51,Passing clouds.,2
4,17,16:51,Sunny.,2
4,18,17:51,Sunny.,2
4,19,18:51,Sunny.,2
4,20,19:51,Sunny.,2
4,21,20:51,Clear.,2
4,22,21:51,Clear.,2
4,23,22:51,Clear.,1
4,24,23:51,Clear.,1
4,1,"00:51Sun, 19 Apr",Clear.,1
4,2,01:51,Clear.,1
4,3,02:51,Clear.,1
4,4,03:51,Clear.,1
4,5,04:51,Clear.,1
4,6,05:51,Clear.,1
4,7,06:51,Clear.,1
4,8,07:51,Sunny.,1
4,9,08:51,Sunny.,1
4,10,09:51,Sunny.,1
4,11,10:51,Sunny.,1
4,12,11:51,Sunny.,1
4,13,12:51,Sunny.,1
4,14,13:51,Sunny.,1
4,15,14:51,Sunny.,1
4,16,15:51,Sunny.,1
4,17,16:51,Sunny.,1
4,18,17:51,Sunny.,1
4,19,18:51,Sunny.,1
4,20,19:51,Sunny.,1
4,21,20:51,Clear.,1
4,22,21:51,Clear.,9
4,23,22:51,Clear.,9
4,24,23:51,Clear.,9
4,1,"00:51Mon, 20 Apr",Passing clouds.,9
4,2,01:51,Mostly cloudy.,9
4,3,02:51,Light rain. Overcast.,9
4,4,03:51,Overcast.,8
4,5,04:51,Overcast.,8
4,6,05:51,Overcast.,8
4,7,07:00,Overcast.,9
4,8,08:01,Light rain. Fog.,1
4,9,09:02,Rain. Fog.,1
4,10,09:51,Heavy rain. Fog.,1
4,11,10:51,Rain. Fog.,1
4,12,11:51,Light rain. Fog.,1
4,13,12:58,Light rain. Fog.,1
4,14,13:51,Fog.,1
4,15,15:04,Fog.,1
4,16,15:51,Fog.,1
4,17,16:51,Fog.,1
4,18,17:51,Fog.,1
4,19,18:51,Fog.,1
4,20,19:51,Fog.,1
4,21,20:51,Fog.,1
4,22,21:51,Fog.,1
4,23,22:51,Fog.,1
4,24,23:51,Fog.,1
4,1,"00:59Tue, 21 Apr",Fog.,1
4,2,02:00,Fog.,1
4,3,03:02,Light rain. Fog.,1
4,4,03:51,Light rain. Mostly cloudy.,1
4,5,04:51,Light rain. Fog.,1
4,6,05:51,Light rain. Fog.,1
4,7,06:51,Fog.,1
4,8,07:51,Fog.,1
4,9,08:56,Light rain. Cloudy.,1
4,10,09:51,Mostly cloudy.,1
4,11,10:51,Passing clouds.,1
4,12,11:51,Sunny.,1
4,13,12:51,Partly sunny.,1
4,14,13:51,Passing clouds.,1
4,15,14:51,Sunny.,1
4,16,15:51,Sunny.,1
4,17,16:51,Sunny.,1
4,18,17:51,Sunny.,1
4,19,18:51,Passing clouds.,1
4,20,19:51,Sunny.,1
4,21,20:51,Clear.,1
4,22,21:51,Clear.,1
4,23,22:51,Clear.,1
4,24,23:51,Clear.,1
4,1,"00:51Wed, 22 Apr",Clear.,1
4,2,01:51,Passing clouds.,1
4,3,02:51,Clear.,1
4,4,03:51,Clear.,1
4,5,04:51,Passing clouds.,1
4,6,05:51,Overcast.,1
4,7,06:51,Passing clouds.,1
4,8,07:51,Sunny.,1
4,9,08:51,Sunny.,1
4,10,09:51,Sunny.,1
4,11,10:51,Sunny.,1
4,12,11:51,Sunny.,1
4,13,12:51,Sunny.,2
4,14,13:51,Partly sunny.,1
4,15,14:51,Partly sunny.,1
4,16,15:51,Rain. Mostly cloudy.,1
4,17,16:51,Light rain. Partly sunny.,1
4,18,17:51,Light rain. Mostly cloudy.,1
4,19,18:51,Light rain. Overcast.,1
4,20,19:51,Overcast.,1
4,21,20:51,Passing clouds.,1
4,22,21:51,Clear.,1
4,23,22:51,Clear.,1
4,24,23:51,Passing clouds.,1
4,1,"00:51Thu, 23 Apr",Passing clouds.,9
4,2,01:51,Overcast.,6
4,3,02:51,Clear.,6
4,4,03:51,Clear.,6
4,5,04:51,Clear.,6
4,6,05:51,Clear.,6
4,7,06:51,Clear.,6
4,8,07:51,Sunny.,6
4,9,08:51,Partly sunny.,7
4,10,09:51,Scattered clouds.,8
4,11,10:51,Mostly cloudy.,8
4,12,11:51,Scattered clouds.,9
4,13,12:51,Mostly cloudy.,9
4,14,13:51,Partly sunny.,1
4,15,14:51,Partly sunny.,1
4,16,15:51,Mostly cloudy.,9
4,17,16:51,More clouds than sun.,9
4,18,17:51,More clouds than sun.,8
4,19,18:51,Mostly cloudy.,8
4,20,19:51,Passing clouds.,7
4,21,20:51,Clear.,7
4,22,21:51,Clear.,7
4,23,22:51,Clear.,6
4,24,23:51,Clear.,6
4,1,"00:51Fri, 24 Apr",Overcast.,5
4,2,01:51,Passing clouds.,5
4,3,02:51,Overcast.,4
4,4,03:51,Overcast.,4
4,5,04:51,Overcast.,4
4,6,05:51,Overcast.,4
4,7,06:51,Overcast.,4
4,8,07:51,Overcast.,4
4,9,08:51,Partly sunny.,4
4,10,09:51,Overcast.,5
4,11,10:51,Partly sunny.,6
4,12,11:51,Overcast.,7
4,13,12:51,Partly sunny.,9
4,14,13:51,Overcast.,9
4,15,14:51,Partly sunny.,1
4,16,15:51,Passing clouds.,1
4,17,16:51,Sunny.,1
4,18,17:51,Sunny.,9
4,19,18:51,Sunny.,8
4,20,19:51,Sunny.,7
4,21,20:51,Clear.,6
4,22,21:51,Clear.,5
4,23,22:51,Clear.,5
4,24,23:51,Clear.,4
4,1,"00:51Sat, 25 Apr",Clear.,4
4,2,01:51,Clear.,4
4,3,02:51,Clear.,4
4,4,03:51,Clear.,4
4,5,04:51,Clear.,3
4,6,05:51,Clear.,3
4,7,06:51,Clear.,3
4,8,07:51,Sunny.,4
4,9,08:51,Sunny.,6
4,10,09:51,Sunny.,8
4,11,10:51,Sunny.,9
4,12,11:51,Sunny.,1
4,13,12:51,Sunny.,1
4,14,13:51,Sunny.,1
4,15,14:51,Sunny.,1
4,16,15:51,Sunny.,1
4,17,16:51,Sunny.,1
4,18,17:51,Sunny.,1
4,19,18:51,Sunny.,1
4,20,19:51,Sunny.,1
4,21,20:51,Clear.,1
4,22,21:51,Clear.,1
4,23,22:51,Clear.,1
4,24,23:51,Clear.,1
4,1,"00:51Sun, 26 Apr",Clear.,1
4,2,01:51,Clear.,1
4,3,02:51,Clear.,9
4,4,03:51,Clear.,8
4,5,04:51,Clear.,8
4,6,05:51,Clear.,8
4,7,06:51,Clear.,9
4,8,07:51,Sunny.,9
4,9,08:51,Sunny.,1
4,10,09:51,Sunny.,1
4,11,10:51,Sunny.,1
4,12,11:51,Sunny.,1
4,13,12:51,Partly sunny.,1
4,14,13:51,Overcast.,1
4,15,14:51,Overcast.,1
4,16,15:51,Overcast.,1
4,17,16:51,Overcast.,1
4,18,17:51,Overcast.,1
4,19,18:51,Overcast.,1
4,20,19:51,Overcast.,1
4,21,20:51,Passing clouds.,1
4,22,21:51,Clear.,1
4,23,22:51,Clear.,1
4,24,23:51,Clear.,1
4,1,"00:51Mon, 27 Apr",Passing clouds.,1
4,2,01:51,Overcast.,1
4,3,02:51,Passing clouds.,1
4,4,03:51,Passing clouds.,9
4,5,04:51,Overcast.,9
4,6,05:51,Overcast.,9
4,7,06:51,Overcast.,9
4,8,07:51,Overcast.,1
4,9,08:51,Overcast.,1
4,10,09:51,Passing clouds.,1
4,11,10:51,Sunny.,1
4,12,11:51,Partly sunny.,1
4,13,12:51,Mostly cloudy.,1
4,14,13:51,Overcast.,1
4,15,14:51,Overcast.,1
4,16,15:51,Overcast.,1
4,17,16:51,Passing clouds.,1
4,18,17:51,Partly sunny.,1
4,19,18:51,Overcast.,1
4,20,19:51,Overcast.,1
4,21,20:51,Mostly cloudy.,1
4,22,21:51,Overcast.,1
4,23,22:51,Overcast.,1
4,24,23:51,Partly cloudy.,1
4,1,"00:51Tue, 28 Apr",Passing clouds.,1
4,2,01:51,Passing clouds.,1
4,3,02:51,Mostly cloudy.,1
4,4,03:51,Passing clouds.,1
4,5,04:51,Clear.,1
4,6,05:51,Clear.,1
4,7,06:51,Clear.,1
4,8,07:51,Sunny.,1
4,9,08:51,Sunny.,1
4,10,09:51,Sunny.,1
4,11,10:51,Sunny.,1
4,12,11:51,Passing clouds.,1
4,13,12:51,Passing clouds.,1
4,14,13:51,Sunny.,2
4,15,14:51,Scattered clouds.,2
4,16,15:51,Sunny.,2
4,17,16:51,Scattered clouds.,2
4,18,17:51,Sunny.,2
4,19,18:51,Partly sunny.,2
4,20,19:51,Partly sunny.,1
4,21,20:51,Passing clouds.,1
4,22,21:51,Overcast.,1
4,23,22:51,Clear.,1
4,24,23:51,Clear.,1
4,1,"00:51Wed, 29 Apr",Clear.,1
4,2,01:51,Clear.,1
4,3,02:51,Clear.,1
4,4,03:51,Clear.,1
4,5,04:51,Clear.,1
4,6,05:51,Clear.,1
4,7,06:51,Clear.,1
4,8,07:51,Sunny.,1
4,9,08:51,Sunny.,1
4,10,09:51,Sunny.,1
4,11,10:51,Sunny.,2
4,12,11:51,Partly sunny.,2
4,13,12:51,Sunny.,2
4,14,13:51,Sunny.,2
4,15,14:51,Passing clouds.,2
4,16,15:51,Scattered clouds.,2
4,17,16:51,Partly sunny.,2
4,18,17:51,Scattered clouds.,2
4,19,18:51,Passing clouds.,2
4,20,19:51,Sunny.,1
4,21,20:51,Clear.,1
4,22,21:51,Passing clouds.,1
4,23,22:51,Clear.,1
4,24,23:51,Clear.,1
4,1,"00:51Thu, 30 Apr",Clear.,1
4,2,01:51,Clear.,9
4,3,02:51,Clear.,9
4,4,03:51,Clear.,9
4,5,04:51,Clear.,9
4,6,05:51,Passing clouds.,9
4,7,06:51,Overcast.,9
4,8,07:51,Sunny.,1
4,9,08:51,Partly sunny.,1
4,10,09:51,Overcast.,1
4,11,10:51,Overcast.,1
4,12,11:51,Overcast.,1
4,13,12:51,Overcast.,1
4,14,13:51,Sunny.,1
4,15,14:51,Sunny.,1
4,16,15:51,Sunny.,1
4,17,16:51,Sunny.,1
4,18,17:51,Sunny.,1
4,19,18:51,Sunny.,1
4,20,19:51,Sunny.,1
4,21,20:51,Clear.,1
4,22,21:51,Passing clouds.,1
4,23,22:51,Passing clouds.,1
4,24,23:51,Overcast.,1
5,1,"00:51Fri, 1 May",Mostly cloudy.,1
5,2,01:51,Overcast.,1
5,3,02:51,Mostly cloudy.,1
5,4,03:51,Overcast.,1
5,5,04:51,Overcast.,1
5,6,05:51,Passing clouds.,9
5,7,06:51,Passing clouds.,9
5,8,07:51,Overcast.,1
5,9,08:51,Overcast.,1
5,10,09:51,Partly sunny.,1
5,11,10:51,Mostly cloudy.,1
5,12,11:51,Mostly cloudy.,1
5,13,12:51,Scattered clouds.,1
5,14,13:51,Partly sunny.,1
5,15,14:51,Scattered clouds.,1
5,16,15:51,Passing clouds.,1
5,17,16:51,Sunny.,1
5,18,17:51,Partly sunny.,1
5,19,18:51,Overcast.,1
5,20,19:51,Overcast.,1
5,21,20:51,Passing clouds.,9
5,22,21:51,Mostly cloudy.,1
5,23,22:51,Passing clouds.,1
5,24,23:51,Overcast.,9
5,1,"00:51Sat, 2 May",Passing clouds.,9
5,2,01:51,Clear.,9
5,3,02:51,Overcast.,1
5,4,03:51,Overcast.,1
5,5,04:51,Overcast.,9
5,6,05:51,Passing clouds.,9
5,7,06:51,Clear.,9
5,8,07:51,Sunny.,1
5,9,08:51,Sunny.,1
5,10,09:51,Sunny.,1
5,11,10:51,Sunny.,1
5,12,11:51,Sunny.,1
5,13,12:51,Sunny.,2
5,14,13:51,Sunny.,2
5,15,14:51,Sunny.,1
5,16,15:51,Sunny.,1
5,17,16:51,Sunny.,1
5,18,17:51,Sunny.,1
5,19,18:51,Sunny.,1
5,20,19:51,Sunny.,1
5,21,20:51,Passing clouds.,1
5,22,21:51,Passing clouds.,1
5,23,22:51,Passing clouds.,1
5,24,23:51,Passing clouds.,1
5,1,"00:51Sun, 3 May",Passing clouds.,1
5,2,01:51,Clear.,1
5,3,02:51,Clear.,1
5,4,03:51,Clear.,1
5,5,04:51,Clear.,1
5,6,05:51,Clear.,1
5,7,06:51,Clear.,1
5,8,07:51,Sunny.,1
5,9,08:51,Sunny.,1
5,10,09:51,Sunny.,1
5,11,10:51,Sunny.,2
5,12,11:51,Sunny.,2
5,13,12:51,Sunny.,2
5,14,13:51,Sunny.,2
5,15,14:51,Sunny.,2
5,16,15:51,Sunny.,2
5,17,16:51,Sunny.,2
5,18,17:51,Sunny.,2
5,19,18:51,Sunny.,2
5,20,19:51,Sunny.,1
5,21,20:51,Sunny.,1
5,22,21:51,Clear.,1
5,23,22:51,Clear.,1
5,24,23:51,Clear.,1
5,1,"00:51Mon, 4 May",Clear.,1
5,2,01:51,Clear.,1
5,3,02:51,Clear.,1
5,4,03:51,Clear.,1
5,5,04:51,Clear.,1
5,6,05:51,Clear.,1
5,7,06:51,Sunny.,1
5,8,07:51,Sunny.,1
5,9,08:51,Sunny.,1
5,10,09:51,Sunny.,2
5,11,10:51,Passing clouds.,2
5,12,11:51,Sunny.,2
5,13,12:51,Sunny.,2
5,14,13:51,Passing clouds.,2
5,15,14:51,Sunny.,2
5,16,15:51,Sunny.,2
5,17,16:51,Passing clouds.,2
5,18,17:51,Sunny.,2
5,19,18:51,Sunny.,2
5,20,19:51,Sunny.,2
5,21,20:51,Sunny.,2
5,22,21:51,Clear.,2
5,23,22:51,Clear.,2
5,24,23:51,Clear.,2
5,1,"00:51Tue, 5 May",Clear.,2
5,2,01:51,Clear.,2
5,3,02:51,Clear.,2
5,4,03:51,Clear.,2
5,5,04:51,Clear.,1
5,6,05:51,Clear.,1
5,7,06:51,Sunny.,1
5,8,07:51,Sunny.,2
5,9,08:51,Sunny.,2
5,10,09:51,Overcast.,2
5,11,10:51,Partly sunny.,2
5,12,11:51,Sunny.,2
5,13,12:51,Passing clouds.,2
5,14,13:51,Partly sunny.,2
5,15,14:51,Scattered clouds.,2
5,16,15:51,Scattered clouds.,2
5,17,16:51,Partly sunny.,2
5,18,17:51,Passing clouds.,2
5,19,18:51,Overcast.,2
5,20,19:51,Overcast.,2
5,21,20:51,Sunny.,2
5,22,21:51,Clear.,2
5,23,22:51,Clear.,2
5,24,23:51,Clear.,2
5,1,"00:51Wed, 6 May",Clear.,2
5,2,01:51,Passing clouds.,2
5,3,02:51,Overcast.,2
5,4,03:51,Overcast.,2
5,5,04:51,Overcast.,2
5,6,05:51,Overcast.,2
5,7,06:51,Overcast.,1
5,8,07:51,Overcast.,1
5,9,08:51,Mostly cloudy.,1
5,10,09:51,Overcast.,1
5,11,10:51,Overcast.,2
5,12,11:51,Overcast.,1
5,13,12:51,Overcast.,1
5,14,13:51,Overcast.,1
5,15,14:51,Overcast.,2
5,16,15:51,Overcast.,1
5,17,16:51,Overcast.,2
5,18,17:51,Sunny.,2
5,19,18:51,Sunny.,1
5,20,19:51,Sunny.,1
5,21,20:51,Sunny.,1
5,22,21:51,Clear.,1
5,23,22:51,Clear.,1
5,24,23:51,Clear.,1
5,1,"00:51Thu, 7 May",Clear.,1
5,2,01:51,Clear.,1
5,3,02:51,Clear.,1
5,4,03:51,Clear.,1
5,5,04:51,Clear.,1
5,6,05:51,Clear.,1
5,7,06:51,Sunny.,1
5,8,07:51,Sunny.,1
5,9,08:51,Sunny.,1
5,10,09:51,Sunny.,2
5,11,10:51,Sunny.,2
5,12,11:51,Sunny.,2
5,13,12:51,Sunny.,2
5,14,13:51,Sunny.,2
5,15,14:51,Sunny.,2
5,16,15:51,Sunny.,2
5,17,16:51,Sunny.,2
5,18,17:51,Sunny.,2
5,19,18:51,Sunny.,2
5,20,19:51,Sunny.,1
5,21,20:51,Sunny.,1
5,22,21:51,Clear.,1
5,23,22:51,Clear.,1
5,24,23:51,Clear.,1
5,1,"00:51Fri, 8 May",Clear.,1
5,2,01:51,Clear.,1
5,3,02:51,Fog.,1
5,4,03:51,Clear.,1
5,5,04:51,Fog.,1
5,6,05:58,Fog.,1
5,7,06:51,Sunny.,1
5,8,07:51,Sunny.,1
5,9,08:51,Sunny.,1
5,10,09:51,Sunny.,2
5,11,10:51,Sunny.,2
5,12,11:51,Sunny.,2
5,13,12:51,Sunny.,2
5,14,13:51,Sunny.,2
5,15,14:51,Sunny.,2
5,16,15:51,Sunny.,2
5,17,16:51,Sunny.,2
5,18,17:51,Sunny.,2
5,19,18:51,Sunny.,2
5,20,19:51,Sunny.,2
5,21,20:51,Sunny.,1
5,22,21:51,Clear.,1
5,23,22:51,Clear.,1
5,24,23:51,Clear.,1
5,1,"00:51Sat, 9 May",Clear.,1
5,2,01:51,Fog.,1
5,3,02:51,Low clouds.,1
5,4,04:01,Low clouds.,1
5,5,04:51,Low clouds.,1
5,6,05:51,Low clouds.,1
5,7,06:51,Fog.,1
5,8,07:51,Low clouds.,1
5,9,08:51,Low clouds.,1
5,10,09:51,Low clouds.,1
5,11,10:51,Low clouds.,1
5,12,11:51,Low clouds.,1
5,13,12:51,Low clouds.,1
5,14,13:51,Overcast.,1
5,15,14:51,Overcast.,2
5,16,15:51,Overcast.,2
5,17,16:58,Overcast.,2
5,18,17:51,Overcast.,1
5,19,18:51,Low clouds.,1
5,20,19:51,Low clouds.,1
5,21,20:51,Low clouds.,1
5,22,21:51,Mostly cloudy.,1
5,23,23:04,Fog.,1
5,24,23:51,Fog.,1
5,1,"00:59Sun, 10 May",Fog.,1
5,2,01:51,Fog.,1
5,3,02:51,Low clouds.,1
5,4,03:51,Low clouds.,1
5,5,04:51,Fog.,1
5,6,05:51,Low clouds.,1
5,7,06:51,Partly sunny.,1
5,8,07:51,Passing clouds.,1
5,9,09:01,Partly sunny.,1
5,10,09:51,More clouds than sun.,2
5,11,10:51,Overcast.,2
5,12,11:51,Overcast.,2
5,13,12:51,Partly sunny.,2
5,14,13:51,Overcast.,2
5,15,14:51,Scattered clouds.,2
5,16,15:51,Sunny.,2
5,17,16:51,Passing clouds.,2
5,18,17:51,Sunny.,2
5,19,18:51,Sunny.,2
5,20,19:51,Sunny.,2
5,21,20:51,Sunny.,2
5,22,21:51,Clear.,2
5,23,22:51,Clear.,2
5,24,23:51,Clear.,2
5,1,"00:51Mon, 11 May",Clear.,2
5,2,01:51,Clear.,2
5,3,02:51,Clear.,2
5,4,03:51,Clear.,2
5,5,04:51,Low clouds.,2
5,6,06:00,Mostly cloudy.,2
5,7,06:51,Overcast.,2
5,8,07:51,Overcast.,2
5,9,08:51,Overcast.,2
5,10,09:51,Scattered clouds.,2
5,11,10:51,Partly sunny.,2
5,12,11:51,Scattered clouds.,2
5,13,12:51,Scattered clouds.,2
5,14,13:51,Partly sunny.,2
5,15,14:51,Sunny.,2
5,16,15:51,Light rain. Partly sunny.,2
5,17,16:51,Passing clouds.,2
5,18,17:51,Sunny.,2
5,19,18:51,Sunny.,2
5,20,19:51,Sunny.,2
5,21,20:51,Sunny.,2
5,22,21:51,Clear.,2
5,23,22:51,Mostly cloudy.,2
5,1,"00:02Tue, 12 May",Mostly cloudy.,2
5,2,00:51,Low clouds.,2
5,3,01:51,Low clouds.,2
5,4,02:51,Low clouds.,2
5,5,03:51,Passing clouds.,2
5,6,04:51,Fog.,2
5,7,05:51,Fog.,2
5,8,06:51,Sunny.,2
5,9,07:51,Sunny.,2
5,10,08:51,Sunny.,2
5,11,09:51,Sunny.,2
5,12,10:51,Passing clouds.,2
5,13,11:51,Passing clouds.,2
5,14,12:51,Passing clouds.,2
5,15,13:51,Sunny.,2
5,16,14:51,Sunny.,2
5,17,15:51,Sunny.,2
5,18,16:51,Scattered clouds.,2
5,19,17:51,Scattered clouds.,2
5,20,18:51,Sunny.,2
5,21,19:51,Partly sunny.,2
5,22,20:51,Sunny.,2
5,23,21:51,Clear.,2
5,24,22:51,Clear.,2
5,25,23:51,Clear.,1
5,1,"00:51Wed, 13 May",Clear.,1
5,2,01:51,Clear.,1
5,3,02:51,Clear.,1
5,4,03:51,Clear.,1
5,5,04:51,Clear.,1
5,6,05:51,Clear.,1
5,7,06:51,Sunny.,1
5,8,07:51,Sunny.,1
5,9,08:51,Partly sunny.,1
5,10,09:51,Passing clouds.,1
5,11,10:51,Overcast.,1
5,12,11:51,Overcast.,1
5,13,12:51,Partly sunny.,1
5,14,13:51,Overcast.,2
5,15,14:51,Partly sunny.,2
5,16,15:51,Overcast.,2
5,17,16:51,Partly sunny.,1
5,18,17:51,Partly sunny.,1
5,19,18:51,Overcast.,1
5,20,19:51,Sunny.,1
5,21,20:51,Partly sunny.,1
5,22,21:51,Clear.,1
5,23,22:51,Overcast.,1
5,24,23:51,Clear.,1
5,1,"00:51Thu, 14 May",Clear.,1
5,2,01:51,Clear.,1
5,3,02:51,Clear.,1
5,4,03:51,Clear.,1
5,5,04:51,Clear.,1
5,6,05:51,Clear.,1
5,7,06:51,Sunny.,1
5,8,07:51,Sunny.,1
5,9,08:51,Sunny.,1
5,10,09:51,Sunny.,1
5,11,10:51,Sunny.,1
5,12,11:51,Sunny.,1
5,13,12:51,Sunny.,2
5,14,13:51,Sunny.,2
5,15,14:51,Sunny.,2
5,16,15:51,Sunny.,2
5,17,16:51,Sunny.,2
5,18,17:51,Sunny.,2
5,19,18:51,Sunny.,1
5,20,19:51,Sunny.,1
5,21,20:51,Sunny.,1
5,22,21:51,Clear.,1
5,23,22:51,Clear.,1
5,24,23:51,Clear.,1
5,1,"00:51Fri, 15 May",Clear.,1
5,2,01:51,Clear.,1
5,3,02:51,Clear.,1
5,4,03:51,Clear.,1
5,5,04:51,Clear.,1
5,6,05:51,Clear.,1
5,7,06:51,Sunny.,1
5,8,07:51,Sunny.,1
5,9,08:51,Sunny.,1
5,10,09:51,Sunny.,1
5,11,10:51,Sunny.,1
5,12,11:51,Sunny.,2
5,13,12:51,Sunny.,2
5,14,13:51,Sunny.,2
5,15,14:51,Sunny.,2
5,16,15:51,Sunny.,2
5,17,16:51,Sunny.,2
5,18,17:51,Sunny.,1
5,19,18:51,Sunny.,1
5,20,19:51,Sunny.,1
5,21,20:51,Partly sunny.,1
5,22,21:51,Passing clouds.,1
5,23,22:51,Overcast.,1
5,24,23:51,Overcast.,1
5,1,"00:51Sat, 16 May",Overcast.,1
5,2,01:51,Overcast.,1
5,3,02:51,Light rain. Mostly cloudy.,1
5,4,03:51,Passing clouds.,1
5,5,04:51,Mostly cloudy.,1
5,6,05:51,Overcast.,1
5,7,06:51,Overcast.,1
5,8,07:51,Partly sunny.,1
5,9,08:51,Mostly cloudy.,1
5,10,09:51,Partly sunny.,1
5,11,10:51,Passing clouds.,1
5,12,11:51,Sunny.,2
5,13,12:51,Passing clouds.,2
5,14,13:51,Partly sunny.,2
5,15,14:51,Partly sunny.,2
5,16,15:51,Sunny.,2
5,17,16:51,Sunny.,2
5,18,17:51,Sunny.,2
5,19,18:51,Passing clouds.,2
5,20,19:51,Light rain. Partly sunny.,2
5,21,20:51,Fog.,1
5,22,21:51,Light rain. Fog.,2
5,23,22:51,Light rain. Fog.,2
5,24,23:46,Light rain. Fog.,1
5,25,23:56,Light rain. Fog.,1
5,1,"00:51Sun, 17 May",Light rain. Fog.,1
5,2,01:51,Fog.,1
5,3,02:51,Light rain. Fog.,1
5,4,03:51,Fog.,1
5,5,04:57,Fog.,1
5,6,05:51,Fog.,1
5,7,06:51,Light rain. Fog.,2
5,8,07:51,Fog.,2
5,9,08:51,Sunny.,2
5,10,09:59,Scattered clouds.,2
5,11,10:51,Partly sunny.,2
5,12,11:51,Partly sunny.,2
5,13,12:51,Sunny.,2
5,14,13:51,Partly sunny.,2
5,15,14:51,More clouds than sun.,2
5,16,15:51,Partly sunny.,2
5,17,16:51,Sunny.,2
5,18,17:51,Sunny.,2
5,19,18:51,Sunny.,2
5,20,19:51,Sunny.,2
5,21,20:51,Sunny.,2
5,22,21:51,Clear.,2
5,23,22:51,Clear.,2
5,24,23:51,Clear.,2
5,1,"00:51Mon, 18 May",Clear.,2
5,2,01:51,Clear.,2
5,3,02:51,Clear.,2
5,4,03:51,Clear.,2
5,5,04:51,Clear.,2
5,6,05:51,Mostly cloudy.,2
5,7,06:51,Fog.,1
5,8,07:03,Fog.,1
5,9,07:51,Fog.,1
5,10,09:03,Fog.,1
5,11,09:51,Low clouds.,1
5,12,11:00,Fog.,1
5,13,11:59,Overcast.,1
5,14,13:03,Overcast.,1
5,15,13:51,Overcast.,1
5,16,14:51,Overcast.,1
5,17,15:51,Overcast.,1
5,18,16:51,Overcast.,1
5,19,17:51,Overcast.,1
5,20,18:51,Overcast.,1
5,21,19:51,Overcast.,1
5,22,20:51,Overcast.,1
5,23,21:51,Overcast.,1
5,24,22:51,Mostly cloudy.,1
5,25,23:51,Overcast.,1
5,1,"00:51Tue, 19 May",Overcast.,1
5,2,01:51,Low clouds.,1
5,3,02:51,Fog.,1
5,4,03:51,Fog.,1
5,5,04:51,Fog.,1
5,6,05:51,Fog.,1
5,7,06:51,Fog.,1
5,8,07:51,Fog.,1
5,9,09:02,Low clouds.,1
5,10,09:51,Low clouds.,1
5,11,10:51,Low clouds.,1
5,12,11:51,Light rain. Overcast.,1
5,13,12:51,More clouds than sun.,1
5,14,13:51,Haze.,2
5,15,14:51,Sunny.,2
5,16,15:51,Sunny.,2
5,17,16:51,Sunny.,2
5,18,17:51,Sunny.,2
5,19,18:51,Sunny.,2
5,20,19:51,Sunny.,2
5,21,20:51,Sunny.,2
5,22,21:51,Clear.,2
5,23,22:51,Passing clouds.,2
5,24,23:51,Passing clouds.,2
5,1,"00:51Wed, 20 May",Clear.,1
5,2,01:51,Clear.,1
5,3,02:51,Clear.,1
5,4,03:51,Clear.,1
5,5,04:51,Clear.,1
5,6,05:51,Clear.,1
5,7,06:51,Sunny.,1
5,8,07:51,Scattered clouds.,1
5,9,08:51,Partly sunny.,1
5,10,09:51,Overcast.,1
5,11,10:51,Overcast.,1
5,12,11:51,Partly sunny.,1
5,13,12:51,Partly sunny.,1
5,14,13:51,Passing clouds.,1
5,15,14:51,Sunny.,1
5,16,15:51,Sunny.,1
5,17,16:51,Sunny.,1
5,18,17:51,Sunny.,1
5,19,18:51,Sunny.,1
5,20,19:51,Sunny.,1
5,21,20:51,Sunny.,1
5,22,21:51,Clear.,1
5,23,22:51,Clear.,1
5,24,23:51,Clear.,1
5,1,"00:51Thu, 21 May",Clear.,1
5,2,01:51,Clear.,1
5,3,02:51,Clear.,1
5,4,03:51,Clear.,1
5,5,04:51,Passing clouds.,1
5,6,05:51,Passing clouds.,1
5,7,06:51,Overcast.,1
5,8,07:51,Scattered clouds.,1
5,9,08:51,Overcast.,1
5,10,09:51,Partly sunny.,1
5,11,10:51,Partly sunny.,1
5,12,11:51,Partly sunny.,1
5,13,12:51,Mostly cloudy.,1
5,14,13:51,Overcast.,1
5,15,14:51,Scattered clouds.,1
5,16,15:51,Overcast.,1
5,17,16:51,Partly sunny.,1
5,18,17:51,More clouds than sun.,1
5,19,18:51,Mostly cloudy.,1
5,20,19:51,Mostly cloudy.,1
5,21,20:51,Overcast.,1
5,22,21:51,Mostly cloudy.,1
5,23,22:51,Mostly cloudy.,1
5,24,23:51,Mostly cloudy.,1
5,1,"00:51Fri, 22 May",Overcast.,1
5,2,01:51,Overcast.,1
5,3,02:51,Overcast.,1
5,4,03:51,Overcast.,1
5,5,04:51,Overcast.,1
5,6,05:51,Clear.,1
5,7,06:51,Sunny.,1
5,8,07:51,Sunny.,1
5,9,08:51,Sunny.,1
5,10,09:51,Sunny.,1
5,11,10:51,Sunny.,2
5,12,11:51,Passing clouds.,2
5,13,12:51,Scattered clouds.,2
5,14,13:51,Partly sunny.,2
5,15,14:51,Broken clouds.,2
5,16,15:51,Overcast.,2
5,17,16:51,Overcast.,2
5,18,17:51,Partly sunny.,2
5,19,18:51,Scattered clouds.,2
5,20,19:51,Passing clouds.,2
5,21,20:51,Overcast.,1
5,22,21:51,Clear.,1
5,23,22:51,Passing clouds.,1
5,24,23:51,Clear.,1
5,1,"00:51Sat, 23 May",Clear.,1
5,2,01:51,Clear.,1
5,3,02:51,Clear.,1
5,4,03:51,Clear.,1
5,5,04:51,Clear.,1
5,6,05:51,Clear.,1
5,7,06:51,Sunny.,9
5,8,07:51,Sunny.,1
5,9,08:51,Sunny.,1
5,10,09:51,Sunny.,1
5,11,10:51,Sunny.,1
5,12,11:51,Sunny.,1
5,13,12:51,Sunny.,1
5,14,13:51,Sunny.,1
5,15,14:51,Sunny.,1
5,16,15:51,Sunny.,2
5,17,16:51,Sunny.,2
5,18,17:51,Sunny.,2
5,19,18:51,Sunny.,1
5,20,19:51,Sunny.,1
5,21,20:51,Sunny.,1
5,22,21:51,Clear.,1
5,23,22:51,Clear.,1
5,24,23:51,Clear.,1
5,1,"00:51Sun, 24 May",Clear.,1
5,2,01:51,Clear.,1
5,3,02:51,Clear.,1
5,4,03:51,Clear.,1
5,5,04:51,Clear.,1
5,6,05:51,Clear.,1
5,7,06:51,Sunny.,1
5,8,07:51,Sunny.,1
5,9,08:51,Sunny.,1
5,10,09:51,Sunny.,1
5,11,10:51,Sunny.,2
5,12,11:51,Sunny.,2
5,13,12:51,Sunny.,2
5,14,13:51,Sunny.,2
5,15,14:51,Sunny.,2
5,16,15:51,Sunny.,2
5,17,16:51,Sunny.,2
5,18,17:51,Sunny.,2
5,19,18:51,Sunny.,2
5,20,19:51,Sunny.,2
5,21,20:51,Sunny.,2
5,22,21:51,Clear.,2
5,23,22:51,Clear.,2
5,24,23:51,Clear.,2
5,1,"00:51Mon, 25 May",Clear.,2
5,2,01:51,Clear.,1
5,3,02:51,Clear.,1
5,4,03:51,Clear.,1
5,5,04:51,Clear.,1
5,6,05:51,Clear.,1
5,7,06:51,Sunny.,1
5,8,07:51,Sunny.,1
5,9,08:51,Sunny.,2
5,10,09:51,Sunny.,2
5,11,10:51,Sunny.,2
5,12,11:51,Sunny.,2
5,13,12:51,Sunny.,2
5,14,13:51,Sunny.,2
5,15,14:51,Sunny.,2
5,16,15:51,Sunny.,2
5,17,16:51,Sunny.,2
5,18,17:51,Partly sunny.,2
5,19,18:51,Sunny.,2
5,20,19:51,Sunny.,2
5,21,20:51,Sunny.,2
5,22,21:51,Clear.,2
5,23,22:51,Clear.,2
5,24,23:51,Clear.,2
5,1,"00:51Tue, 26 May",Clear.,2
5,2,01:51,Clear.,2
5,3,02:51,Clear.,2
5,4,03:51,Clear.,2
5,5,04:51,Clear.,2
5,6,05:51,Clear.,1
5,7,06:51,Sunny.,1
5,8,07:51,Sunny.,2
5,9,08:51,Sunny.,2
5,10,09:51,Sunny.,2
5,11,10:51,Sunny.,2
5,12,11:51,Sunny.,2
5,13,12:51,Sunny.,2
5,14,13:51,Sunny.,3
5,15,14:51,Sunny.,3
5,16,15:51,Sunny.,2
5,17,16:51,Sunny.,2
5,18,17:51,Sunny.,2
5,19,18:51,Sunny.,2
5,20,19:51,Sunny.,2
5,21,20:51,Sunny.,2
5,22,21:51,Clear.,2
5,23,22:51,Clear.,2
5,24,23:51,Clear.,2
5,1,"00:51Wed, 27 May",Clear.,2
5,2,01:51,Passing clouds.,2
5,3,02:51,Passing clouds.,2
5,4,03:51,Clear.,2
5,5,04:51,Clear.,2
5,6,05:51,Clear.,2
5,7,06:51,Scattered clouds.,2
5,8,07:51,Overcast.,2
5,9,08:51,Overcast.,2
5,10,09:51,Overcast.,2
5,11,10:51,Partly sunny.,2
5,12,11:51,Overcast.,2
5,13,12:51,Partly sunny.,2
5,14,13:51,Sunny.,2
5,15,14:51,Sunny.,2
5,16,15:51,Sunny.,2
5,17,16:51,Sunny.,2
5,18,17:51,Sunny.,2
5,19,18:51,Partly sunny.,2
5,20,19:51,Light rain. Partly sunny.,2
5,21,20:51,Light rain. Partly sunny.,2
5,22,21:51,Partly cloudy.,2
5,23,22:51,Fog.,2
5,24,23:51,Clear.,2
5,1,"00:51Thu, 28 May",Clear.,2
5,2,01:51,Clear.,2
5,3,02:51,Passing clouds.,2
5,4,03:51,Passing clouds.,2
5,5,04:51,Clear.,2
5,6,05:51,Overcast.,2
5,7,07:00,Low clouds.,2
5,8,07:51,Low clouds.,2
5,9,08:51,Overcast.,2
5,10,09:51,Overcast.,2
5,11,10:51,Partly sunny.,2
5,12,11:51,Scattered clouds.,2
5,13,12:51,Sunny.,2
5,14,13:51,Passing clouds.,2
5,15,14:51,Scattered clouds.,2
5,16,15:51,Passing clouds.,2
5,17,16:51,Passing clouds.,2
5,18,17:51,Scattered clouds.,2
5,19,18:51,Sunny.,2
5,20,19:51,Overcast.,2
5,21,20:51,Sunny.,2
5,22,21:51,Clear.,2
5,23,22:51,Clear.,2
5,24,23:51,Passing clouds.,2
5,1,"00:51Fri, 29 May",Clear.,2
5,2,01:51,Clear.,2
5,3,02:51,Clear.,2
5,4,03:51,Clear.,1
5,5,04:51,Clear.,1
5,6,05:51,Clear.,1
5,7,06:51,Sunny.,1
5,8,07:51,Sunny.,2
5,9,08:51,Sunny.,2
5,10,09:51,Sunny.,2
5,11,10:51,Sunny.,2
5,12,11:51,Sunny.,2
5,13,12:51,Sunny.,2
5,14,13:51,Sunny.,2
5,15,14:51,Sunny.,2
5,16,15:51,Sunny.,2
5,17,16:51,Sunny.,2
5,18,17:51,Sunny.,2
5,19,18:51,Sunny.,2
5,20,19:51,Sunny.,2
5,21,20:51,Sunny.,2
5,22,21:51,Clear.,1
5,23,22:51,Clear.,2
5,24,23:51,Clear.,2
5,1,"00:51Sat, 30 May",Clear.,1
5,2,01:51,Clear.,2
5,3,02:51,Clear.,1
5,4,03:51,Clear.,2
5,5,04:51,Clear.,2
5,6,05:51,Clear.,2
5,7,06:51,Sunny.,2
5,8,07:51,Sunny.,2
5,9,08:51,Sunny.,2
5,10,09:51,Passing clouds.,2
5,11,10:51,Sunny.,2
5,12,11:58,Partly sunny.,2
5,13,12:51,Scattered clouds.,2
5,14,13:51,Sunny.,2
5,15,14:51,Sunny.,2
5,16,15:51,Sunny.,2
5,17,16:51,Passing clouds.,2
5,18,17:51,Sunny.,2
5,19,18:51,Sunny.,2
5,20,19:51,Sunny.,2
5,21,20:51,Sunny.,2
5,22,21:51,Clear.,2
5,23,22:51,Clear.,2
5,24,23:51,Clear.,2
5,1,"00:51Sun, 31 May",Clear.,2
5,2,01:51,Clear.,2
5,3,02:51,Clear.,2
5,4,03:51,Clear.,2
5,5,04:51,Clear.,2
5,6,05:51,Passing clouds.,2
5,7,06:51,Passing clouds.,2
5,8,07:51,Scattered clouds.,2
5,9,08:51,Broken clouds.,2
5,10,09:51,Scattered clouds.,2
5,11,10:51,Scattered clouds.,2
5,12,11:51,Partly sunny.,2
5,13,12:51,Sunny.,3
5,14,13:51,Broken clouds.,2
5,15,14:51,Broken clouds.,2
5,16,15:51,Broken clouds.,2
5,17,16:51,Rain. Fog.,2
5,18,18:03,Fog.,2
5,19,19:01,Light rain. Fog.,2
5,20,19:51,Light rain. Fog.,2
5,21,20:51,Light rain. Fog.,2
5,22,21:51,Low clouds.,1
5,23,22:51,Low clouds.,1
5,24,23:51,Low clouds.,1
